DFA_channel1,Fisher_Information_channel1,HFD_channel1,PFD_channel1,SVD_Entropy_channel1,variance_channel1,std_deviation_channel1,mean_channel1,fft_variance_channel1,fft_std_deviation_channel1,fft2_variance_channel1,zero_crossing_rate_channel1,complexity_channel1,DFA_channel2,Fisher_Information_channel2,HFD_channel2,PFD_channel2,SVD_Entropy_channel2,variance_channel2,std_deviation_channel2,mean_channel2,fft_variance_channel2,fft_std_deviation_channel2,fft2_variance_channel2,zero_crossing_rate_channel2,complexity_channel2
0.13634069737636717,0.3346354166666667,0.13634069737636717,-0.0,0.0,0.016080949232488203,0.1268106826434122,0.45853453323479576,289.66780836970406,17.019630089097237,289.66780836970406,2,0.15691744720216091,0.0514394163723255,0.3346354166666667,0.0514394163723255,-0.0,0.0,0.023937088888963298,0.15471615587573037,0.5998929555916501,491.12026182479116,22.16123331010238,491.12026182479116,2,0.07775115731771523
0.20773506264876845,0.3346354166666667,0.20773506264876845,-0.0,0.0,0.03046561424694561,0.17454401807837933,0.5764120572888713,464.5320602286224,21.553005828158224,464.5320602286224,2,0.23621124069349014,0.1785986512415074,0.3346354166666667,0.1785986512415074,-0.0,0.0,0.030498526175283387,0.1746382723668652,0.528675144339286,396.91753491675803,19.92278933575211,396.91753491675803,2,0.21748085046192722
0.22099793644648838,0.3346354166666667,0.22099793644648838,-0.0,0.0,0.03110563005571013,0.17636788272162857,0.511927913255767,375.5063000411756,19.37798493242204,375.5063000411756,2,0.2511274544669693,0.16781998764992107,0.3346354166666667,0.16781998764992107,-0.0,0.0,0.024755723625645026,0.1573395170503743,0.5680720310565439,444.98639665393273,21.094700677040496,444.98639665393273,2,0.2002858602060525
0.20639699030158098,0.3346354166666667,0.20639699030158098,-0.0,0.0,0.029226081827705627,0.17095637404819286,0.5562883450420283,433.8009906482677,20.82788973103775,433.8009906482677,2,0.23854674494103406,0.13086368334008852,0.3346354166666667,0.13086368334008852,-0.0,0.0,0.020064872650751492,0.14165053000519093,0.42402366934203195,255.98124585706216,15.999413922299222,255.98124585706216,2,0.15758593818870884
0.21458905274505788,0.3346354166666667,0.21458905274505788,-0.0,0.0,0.03117328590580797,0.17655958174454303,0.5101710676178806,373.23924517234366,19.319400745684213,373.23924517234366,2,0.24868082235496405,0.15200161772818638,0.3346354166666667,0.15200161772818638,-0.0,0.0,0.022611252032963877,0.15037038283173942,0.43861829141216924,275.39969844862964,16.59517093761404,275.39969844862964,2,0.1849340758156321
0.22454017389000658,0.3346354166666667,0.22454017389000658,-0.0,0.0,0.03261598185898012,0.18059895309491725,0.5064432688716234,370.16451334934624,19.23965990732025,370.16451334934624,2,0.2587721816534137,0.1668265436625933,0.3346354166666667,0.1668265436625933,-0.0,0.0,0.027307109189083797,0.16524862840303334,0.5509054475503973,423.69739256642356,20.583911012400524,423.69739256642356,2,0.20042715875906797
0.25388793337195503,0.3346354166666667,0.25388793337195503,-0.0,0.0,0.04051534537616514,0.20128424025781338,0.5001926407694876,372.3675384724504,19.296827160765325,372.3675384724504,2,0.2904932749188589,0.17902782411207005,0.3346354166666667,0.17902782411207005,-0.0,0.0,0.028896799281071937,0.16999058586013502,0.5292652881192488,395.82060213569525,19.895240690569572,395.82060213569525,2,0.21349127485269553
0.24939118358527707,0.3346354166666667,0.24939118358527707,-0.0,0.0,0.03879081780237549,0.19695384688392226,0.5122468859501071,385.80950951291845,19.642034250884464,385.80950951291845,2,0.2847779452701462,0.1810555452748382,0.3346354166666667,0.1810555452748382,-0.0,0.0,0.027505928250695262,0.1658491129029494,0.5344660203244542,400.91410085967226,20.022839480445132,400.91410085967226,2,0.21591433250638575
0.09812088463774973,0.3346354166666667,0.09812088463774973,-0.0,0.0,0.008660109234764618,0.09305970790178002,0.3982134169994257,214.1612179045517,14.634248115449994,214.1612179045517,2,0.11214828244074751,0.0875144779822407,0.3346354166666667,0.0875144779822407,-0.0,0.0,0.011658803127049724,0.10797593772248391,0.6250691062640011,515.0608601551608,22.694952305637496,515.0608601551608,2,0.10698800213360962
0.1288354560452512,0.3346354166666667,0.1288354560452512,-0.0,0.0,0.012127306735317115,0.11012405157510831,0.30216488357157334,132.43576500048627,11.508073904893307,132.43576500048627,2,0.14687291082426404,0.08772602238566775,0.3346354166666667,0.08772602238566775,-0.0,0.0,0.009829819635652605,0.09914544687302895,0.6326246627973886,525.108526181353,22.915246587836513,525.108526181353,2,0.10603209453626646
0.09611962123337078,0.3346354166666667,0.09611962123337078,-0.0,0.0,0.020843418933167362,0.14437250061271142,0.552085227113171,416.7346998178572,20.414080920233886,416.7346998178572,2,0.1328602620716811,0.08590489864347786,0.3346354166666667,0.08590489864347786,-0.0,0.0,0.019849457955570013,0.14088810437922009,0.44388854986996895,277.5348717058682,16.659377890721736,277.5348717058682,2,0.11975598054634153
0.1696857074934913,0.3346354166666667,0.1696857074934913,-0.0,0.0,0.020403085583413964,0.14283936986494292,0.5714319700544996,444.2603112011481,21.07748351205969,444.2603112011481,2,0.19503166870706112,0.12304462082955447,0.3346354166666667,0.12304462082955447,-0.0,0.0,0.02082633167292616,0.14431331079608062,0.44181192553982374,276.5638325652592,16.630208434209692,276.5638325652592,2,0.15580449920612155
0.13160716491840907,0.3346354166666667,0.13160716491840907,-0.0,0.0,0.014440390258744915,0.12016817489978332,0.46480184500927935,295.11123270325237,17.178801841317465,295.11123270325237,2,0.15065267911064723,0.07457806045188937,0.3346354166666667,0.07457806045188937,-0.0,0.0,0.01930406483173874,0.13893906877382883,0.5647555820896459,433.0585629637254,20.810059177323964,433.0585629637254,2,0.0993441376611205
0.1305570048943891,0.3346354166666667,0.1305570048943891,-0.0,0.0,0.014926573378028619,0.12217435646660317,0.565144925385903,428.13042287355137,20.691312739252467,428.13042287355137,2,0.1513037676340474,0.09554939575514661,0.3346354166666667,0.09554939575514661,-0.0,0.0,0.017558375832590695,0.13250802176695076,0.580519842677655,454.0575865261572,21.308627044607007,454.0575865261572,2,0.12785428630558843
0.11455861845532889,0.3346354166666667,0.11455861845532889,-0.0,0.0,0.012820790289403883,0.113228928677277,0.4741546361910964,304.2506798997501,17.442783031951926,304.2506798997501,2,0.13393337807957723,0.08269576273120634,0.3346354166666667,0.08269576273120634,-0.0,0.0,0.01385148479988255,0.1176923311005545,0.4543401125023256,282.00669660730307,16.793055011143835,282.00669660730307,2,0.10659169064388459
0.09937802414455985,0.3346354166666667,0.09937802414455985,-0.0,0.0,0.008915436956680681,0.09442159158095505,0.6104429622406508,488.46341532877983,22.10120845856126,488.46341532877983,2,0.1149474364415177,0.09318116350366075,0.3346354166666667,0.09318116350366075,-0.0,0.0,0.01996211200898784,0.1412873384595656,0.499620188606752,345.0212223038028,18.57474689743585,345.0212223038028,2,0.12192986715263257
0.2119398625470962,0.3346354166666667,0.2119398625470962,-0.0,0.0,0.030020596191504444,0.17326452663919537,0.46407670548301094,314.1607776894334,17.724581171058272,314.1607776894334,2,0.2424792201071879,0.10748838974729442,0.3346354166666667,0.10748838974729442,-0.0,0.0,0.015429820303406968,0.12421682777871511,0.5740729036825729,441.5547139130422,21.01320332345933,441.5547139130422,2,0.14013427564389785
0.18586746441166874,0.3346354166666667,0.18586746441166874,-0.0,0.0,0.02382696712894414,0.15435986242849578,0.46274430258885446,304.7485144947895,17.457047702712778,304.7485144947895,2,0.21389613826944193,0.14521639965207161,0.3346354166666667,0.14521639965207161,-0.0,0.0,0.024148761880837578,0.15539871904503452,0.534820635982479,397.1299558501142,19.928119726911373,397.1299558501142,2,0.18522176968663662
0.09228873475250224,0.3346354166666667,0.09228873475250224,-0.0,0.0,0.009420757857589493,0.09706058859078433,0.6021209944789275,476.09146278141526,21.81952022344706,476.09146278141526,2,0.10780477288197936,0.06584874432633435,0.3346354166666667,0.06584874432633435,-0.0,0.0,0.008637788551318136,0.09293970384780735,0.4228548635963435,239.9121337554798,15.489097254374762,239.9121337554798,2,0.08290488961791741
0.15919210275091586,0.3346354166666667,0.15919210275091586,-0.0,0.0,0.021964289529335417,0.14820354087988388,0.526463579580233,383.1399905390177,19.57396205521554,383.1399905390177,2,0.18289381310275357,0.11150132707673051,0.3346354166666667,0.11150132707673051,-0.0,0.0,0.01689027556748488,0.12996259295460705,0.5693178901759468,436.48733588784006,20.89227933682297,436.48733588784006,2,0.13598955928692333
0.13170844137370058,0.3346354166666667,0.13170844137370058,-0.0,0.0,0.01413664115858488,0.11889760787578899,0.4819878575459766,315.57192967645517,17.76434433567575,315.57192967645517,2,0.1515395057463519,0.09896836585614166,0.3346354166666667,0.09896836585614166,-0.0,0.0,0.021874016152221117,0.14789866852754666,0.39818268451448396,230.72310332814976,15.189572190425567,230.72310332814976,2,0.1280430982035955
0.11159408054259175,0.3346354166666667,0.11159408054259175,-0.0,0.0,0.011227044484430087,0.10595774858135712,0.4653485469357869,291.68310709443006,17.078732596256376,291.68310709443006,2,0.12935691384338427,0.07325920910805547,0.3346354166666667,0.07325920910805547,-0.0,0.0,0.010702198292568244,0.1034514296303741,0.6933415850941637,629.0487586726949,25.080844456929572,629.0487586726949,2,0.09103962464211494
0.23096068249237986,0.3346354166666667,0.23096068249237986,-0.0,0.0,0.03439088253331754,0.18544778923815064,0.4947077249867722,357.54660986494196,18.90890292600134,357.54660986494196,2,0.26338931327580706,0.1547360509503851,0.3346354166666667,0.1547360509503851,-0.0,0.0,0.024443074372880364,0.15634281042913475,0.5259828149515805,385.2423101405805,19.627590533241225,385.2423101405805,2,0.1906397662077366
0.17426987720953382,0.3346354166666667,0.17426987720953382,-0.0,0.0,0.024716377175851893,0.15721443055855874,0.5734271395000344,452.8225636568301,21.279627902217417,452.8225636568301,2,0.19900112719808682,0.1122647273463826,0.3346354166666667,0.1122647273463826,-0.0,0.0,0.018348313197041426,0.1354559455950215,0.46555422619778286,300.9809369372054,17.34880217586233,300.9809369372054,2,0.13434894155348864
0.09921434089930406,0.3346354166666667,0.09921434089930406,-0.0,0.0,0.013222723992144239,0.1149901038878748,0.6064921016684343,487.8742438142011,22.08787549345118,487.8742438142011,2,0.11776969917146154,0.06706843038774887,0.3346354166666667,0.06706843038774887,-0.0,0.0,0.010954323542034681,0.10466290432638815,0.4578325172259075,282.43033349477935,16.805663732646185,282.43033349477935,2,0.0834501133355249
0.20581700747910786,0.3346354166666667,0.20581700747910786,-0.0,0.0,0.025027820022921653,0.1582018331844535,0.5535812492979009,424.0802088368004,20.593207832603458,424.0802088368004,2,0.2308148379124907,0.150309397232451,0.3346354166666667,0.150309397232451,-0.0,0.0,0.027742870763199694,0.16656191270275356,0.5246905147906122,388.1925157246805,19.70260175014154,388.1925157246805,2,0.19160834286864206
0.06308971041806512,0.3346354166666667,0.06308971041806512,-0.0,0.0,0.014171517361280724,0.11904418239158403,0.4494345196022711,276.69396450163686,16.634120490775484,276.69396450163686,2,0.07803172278245614,0.03755224974034058,0.3346354166666667,0.03755224974034058,-0.0,0.0,0.01482560144833638,0.12176042644610104,0.5835590831277517,454.97307135790936,21.330097781255233,454.97307135790936,2,0.04978673748446257
0.16650872636711078,0.3346354166666667,0.16650872636711078,-0.0,0.0,0.017875124878558333,0.13369788658972262,0.5632521570975974,428.90470156195494,20.710014523460742,428.90470156195494,2,0.1880547787982466,0.11853986976306119,0.3346354166666667,0.11853986976306119,-0.0,0.0,0.01828250630346374,0.13521281856193865,0.4042561332821748,232.71503384133334,15.255000289784768,232.71503384133334,2,0.15620498691978363
0.05320637749621322,0.3346354166666667,0.05320637749621322,-0.0,0.0,0.013159188799811433,0.11471350748630883,0.4991883445044951,335.8583993708239,18.326439898977213,335.8583993708239,2,0.06793348882039707,0.03509324064416867,0.3346354166666667,0.03509324064416867,-0.0,0.0,0.027865155424533296,0.16692859378948022,0.5649751036962739,443.9393900301916,21.069869245683314,443.9393900301916,2,0.044443552174130166
0.06159864127240622,0.3346354166666667,0.06159864127240622,-0.0,0.0,0.011608601500928253,0.10774322020864353,0.37656759255323996,196.38166107466105,14.013624123497143,196.38166107466105,2,0.07273558438602312,0.06022870682511563,0.3346354166666667,0.06022870682511563,-0.0,0.0,0.011427706535715308,0.10690045152250438,0.6846034548915035,614.6068560461005,24.791265720936888,614.6068560461005,2,0.09337567003862512
0.11338327584656856,0.3346354166666667,0.11338327584656856,-0.0,0.0,0.014272649844852641,0.11946819595546189,0.5745262916825302,440.7483954676532,20.99400856119796,440.7483954676532,2,0.12935414059066536,0.09031190518993289,0.3346354166666667,0.09031190518993289,-0.0,0.0,0.025971120979486787,0.1611555800445234,0.45973787753945694,303.8495609900367,17.43128110581769,303.8495609900367,2,0.1123800555952756
0.1865873612920042,0.3346354166666667,0.1865873612920042,-0.0,0.0,0.022647947317366114,0.15049234969713948,0.4475700170803469,285.3742690544562,16.893024272002222,285.3742690544562,2,0.20811089581721323,0.12972667927087395,0.3346354166666667,0.12972667927087395,-0.0,0.0,0.024298793733133803,0.1558807035304043,0.5168731591594203,373.25607822744496,19.31983639235708,373.25607822744496,2,0.1627298761374501
0.19603313986032667,0.3346354166666667,0.19603313986032667,-0.0,0.0,0.026134983699710585,0.16166317978968056,0.43298653925556335,273.3714521283413,16.533948473620608,273.3714521283413,2,0.22105456396605255,0.09753884040479449,0.3346354166666667,0.09753884040479449,-0.0,0.0,0.01655763396034868,0.1286764701114725,0.43571345599061156,264.31008122750967,16.25761609915518,264.31008122750967,2,0.1228085297502507
0.14701182991192074,0.3346354166666667,0.14701182991192074,-0.0,0.0,0.014028153779456803,0.11844050734211164,0.2961341323278971,130.1954686893459,11.41032290031031,130.1954686893459,2,0.16348639694131978,0.12775087145624203,0.3346354166666667,0.12775087145624203,-0.0,0.0,0.021066787803517083,0.14514402434656787,0.4743501395196189,315.0741864362068,17.7503291923335,315.0741864362068,2,0.16133964724191524
0.25842991230043183,0.3346354166666667,0.25842991230043183,-0.0,0.0,0.03893238625752546,0.1973129145735916,0.5339170988444149,414.63627787243547,20.362619622053433,414.63627787243547,2,0.2868421436612307,0.1563843581724113,0.3346354166666667,0.1563843581724113,-0.0,0.0,0.029344932855118393,0.17130362767646923,0.4785611382531254,330.7804749782254,18.187371304787984,330.7804749782254,2,0.19523635785778748
0.21348201246326942,0.3346354166666667,0.21348201246326942,-0.0,0.0,0.030191281559495502,0.1737563856653778,0.5380785232313129,409.1719440295754,20.22799901200253,409.1719440295754,2,0.24106357633736653,0.1276077783639845,0.3346354166666667,0.1276077783639845,-0.0,0.0,0.022032162558306843,0.14843235010706676,0.5002632257862544,348.69592938707126,18.673401655485037,348.69592938707126,2,0.15733302330371918
0.23548243914114303,0.3346354166666667,0.23548243914114303,-0.0,0.0,0.03459185698759668,0.18598886253643437,0.45886234695620537,313.63701696056035,17.70980002599014,313.63701696056035,2,0.26311375240295704,0.13723781092772067,0.3346354166666667,0.13723781092772067,-0.0,0.0,0.026820397760073368,0.1637693431631005,0.49856294124942163,352.7055803209582,18.780457404465903,352.7055803209582,2,0.16931488855438234
0.2384534725863748,0.3346354166666667,0.2384534725863748,-0.0,0.0,0.03416158638989384,0.1848285324020451,0.4971207562012663,359.90635910436754,18.971198146252323,359.90635910436754,2,0.2661678599505396,0.14022962957982724,0.3346354166666667,0.14022962957982724,-0.0,0.0,0.021398299685444835,0.14628157671232847,0.4340505237506338,268.6256546814586,16.389803375314134,268.6256546814586,2,0.16980984600115637
0.08963573609702631,0.3346354166666667,0.08963573609702631,-0.0,0.0,0.008145828738039974,0.09025424498626075,0.3007519840775786,126.21065767314691,11.234351680143671,126.21065767314691,2,0.10153464820523218,0.08213086033189643,0.3346354166666667,0.08213086033189643,-0.0,0.0,0.02016813532387556,0.14201456025307954,0.3706005795017394,201.67475903386816,14.201223856902903,201.67475903386816,2,0.10010711096580532
0.1654870917326153,0.3346354166666667,0.1654870917326153,-0.0,0.0,0.017009431751181747,0.13042021220340713,0.6799399227129317,613.7622268606783,24.774225050658565,613.7622268606783,2,0.18503437253627586,0.08471574582940007,0.3346354166666667,0.08471574582940007,-0.0,0.0,0.010586397047680694,0.10289021842566325,0.3150207590487394,140.58971493087452,11.85705338315024,140.58971493087452,2,0.10565771207479122
0.25052228845714675,0.3346354166666667,0.25052228845714675,-0.0,0.0,0.03701495888292901,0.19239272045201972,0.5327839744525685,411.0277833553105,20.27382014705937,411.0277833553105,2,0.27776562195033283,0.11278090058106771,0.3346354166666667,0.11278090058106771,-0.0,0.0,0.01624811684996793,0.1274681013036906,0.517319725879042,363.43918074790116,19.064080904882385,363.43918074790116,2,0.1411844136289292
0.19791222673333211,0.3346354166666667,0.19791222673333211,-0.0,0.0,0.025474219861540272,0.1596064530698564,0.567994017160968,445.7163844462115,21.11199622125325,445.7163844462115,2,0.21961794204349697,0.0851106412899287,0.3346354166666667,0.0851106412899287,-0.0,0.0,0.02092883288752203,0.14466800920563616,0.5459020783912412,408.49153938903373,20.21117362720517,408.49153938903373,2,0.11492011669839199
0.1120618711741342,0.3346354166666667,0.1120618711741342,-0.0,0.0,0.013750691818817848,0.11726334388383203,0.4243119262535227,248.2077973874709,15.754611940237401,248.2077973874709,2,0.12906308635392336,0.07385627881152931,0.3346354166666667,0.07385627881152931,-0.0,0.0,0.017489381492610537,0.13224742527781227,0.5707229117619236,439.2000822045645,20.95710099714568,439.2000822045645,2,0.09345351390656988
0.07510252446588435,0.3346354166666667,0.07510252446588435,-0.0,0.0,0.007378314188109314,0.08589711396845248,0.7256946231220394,683.6834364072703,26.14734090509531,683.6834364072703,2,0.08807645162534095,0.06842751622755587,0.3346354166666667,0.06842751622755587,-0.0,0.0,0.011348011659583376,0.10652704661063019,0.6307252366005776,523.7171866792405,22.88486807213973,523.7171866792405,2,0.1034552558237874
0.08186164877379791,0.3346354166666667,0.08186164877379791,-0.0,0.0,0.012820331538495058,0.1132269028919146,0.4304517581133067,253.73619846565668,15.929099110296749,253.73619846565668,2,0.09685301570550675,0.0628494952856524,0.3346354166666667,0.0628494952856524,-0.0,0.0,0.021627227287018765,0.14706198450659763,0.5146888007314293,366.6631112067626,19.148449315982813,366.6631112067626,2,0.07678405866706761
0.24186741103014148,0.3346354166666667,0.24186741103014148,-0.0,0.0,0.035749416339770565,0.18907516055730475,0.512208312758079,381.6572668204176,19.536050440670387,381.6572668204176,2,0.27082144719514123,0.13774103316427536,0.3346354166666667,0.13774103316427536,-0.0,0.0,0.023255592282948837,0.1524978435354049,0.5248626563554881,382.38894807659574,19.5547679116014,382.38894807659574,2,0.17292759705715713
0.2090077437319054,0.3346354166666667,0.2090077437319054,-0.0,0.0,0.031073266980582416,0.17627611006765045,0.5150966418794095,379.19197697786257,19.472852307195847,379.19197697786257,2,0.2366458491576152,0.10645586403974301,0.3346354166666667,0.10645586403974301,-0.0,0.0,0.02016896325969513,0.14201747519124233,0.5109306379478998,360.00458768299376,18.97378685668714,360.00458768299376,2,0.13375098096733828
0.05825867154777824,0.3346354166666667,0.05825867154777824,-0.0,0.0,0.015681896958345615,0.12522738102486058,0.43554080483324387,262.9683558820053,16.216299080924887,262.9683558820053,2,0.08267893445204391,0.05702985708406344,0.3346354166666667,0.05702985708406344,-0.0,0.0,0.010558562885389335,0.10275486794010946,0.421971388818031,241.3891097603392,15.536702023284711,241.3891097603392,2,0.07160960527990877
0.22816881148916726,0.3346354166666667,0.22816881148916726,-0.0,0.0,0.03251591135049282,0.1803216885194147,0.4696442678504363,324.04043646575514,18.001123200116016,324.04043646575514,2,0.2563691424441332,0.10523371174246972,0.3346354166666667,0.10523371174246972,-0.0,0.0,0.014622781818479248,0.12092469482483405,0.5626093836554584,424.20584060683296,20.59625792727487,424.20584060683296,1,0.12920689847366595
0.24826158447568453,0.3346354166666667,0.24826158447568453,-0.0,0.0,0.03762419277019506,0.19396956660825704,0.4926643024234794,358.8480606438523,18.943285370913156,358.8480606438523,2,0.2806966951739936,0.10715568907451627,0.3346354166666667,0.10715568907451627,-0.0,0.0,0.017365262503182172,0.13177732165734046,0.4813695231787539,318.8837738629703,17.857317095884543,318.8837738629703,2,0.13535062659656588
0.2036430669823388,0.3346354166666667,0.2036430669823388,-0.0,0.0,0.027701982598393828,0.16643912580398224,0.5115071203500693,370.09104038530137,19.237750398248266,370.09104038530137,2,0.22895167153658397,0.10869764835174082,0.3346354166666667,0.10869764835174082,-0.0,0.0,0.01766721345696623,0.1329180704681129,0.5290320064408386,380.70092449223546,19.511558740711504,380.70092449223546,2,0.13007539155269487
0.1841905815821813,0.3346354166666667,0.1841905815821813,-0.0,0.0,0.020925886511974464,0.14465782561608778,0.48763622817867885,331.2860440284331,18.201264901880666,331.2860440284331,2,0.2068611259409868,0.12224229782388647,0.3346354166666667,0.12224229782388647,-0.0,0.0,0.021464252929304112,0.1465068357767108,0.4312200839849323,265.48267923962624,16.293639226386052,265.48267923962624,2,0.15262716212815286
0.15532301924630687,0.3346354166666667,0.15532301924630687,-0.0,0.0,0.01703209711545448,0.13050707687882093,0.6502610249296459,563.2972781297058,23.733884598390247,563.2972781297058,2,0.17553395605440192,0.10048198372678145,0.3346354166666667,0.10048198372678145,-0.0,0.0,0.016282388698906098,0.12760246352992602,0.4093585978387945,234.81368264869275,15.323631509818185,234.81368264869275,2,0.12074075144346565
0.20055633400817846,0.3346354166666667,0.20055633400817846,-0.0,0.0,0.027554513043541905,0.16599552115506583,0.4752648002364646,324.0631802359882,18.00175492100668,324.0631802359882,2,0.22580463533474057,0.12115139314289165,0.3346354166666667,0.12115139314289165,-0.0,0.0,0.024468904317542006,0.15642539537281663,0.500018586839148,351.444096120166,18.746842297308792,351.444096120166,2,0.15167295663796604
0.16030205114947152,0.3346354166666667,0.16030205114947152,-0.0,0.0,0.020306909439880578,0.1425023138053575,0.48986037589297254,333.3638116052386,18.25825324627848,333.3638116052386,2,0.18168792152165808,0.12862617294243983,0.3346354166666667,0.12862617294243983,-0.0,0.0,0.025397743845226205,0.15936669616085478,0.5458404123599209,414.0097245239662,20.34722891511191,414.0097245239662,2,0.15741270520267525
0.24813057637011582,0.3346354166666667,0.24813057637011582,-0.0,0.0,0.03902096561027611,0.19753725119651763,0.49248927241481755,360.34882252585743,18.98285601604399,360.34882252585743,2,0.27948339302578157,0.13269897337580208,0.3346354166666667,0.13269897337580208,-0.0,0.0,0.02338261074801029,0.15291373629602506,0.5160324172202166,370.83900752278515,19.25718067430394,370.83900752278515,2,0.1642741147155885
0.2351613919273147,0.3346354166666667,0.2351613919273147,-0.0,0.0,0.036226369587010664,0.1903322610253203,0.4821861443660503,343.9883470371787,18.54692284550671,343.9883470371787,2,0.264601921453282,0.1424963067135851,0.3346354166666667,0.1424963067135851,-0.0,0.0,0.02574131934444598,0.1604410151564929,0.4720149498312274,318.3404774551895,17.842098459967918,318.3404774551895,2,0.17333263185111877
0.05710897845308179,0.3346354166666667,0.05710897845308179,-0.0,0.0,0.006678933165167327,0.08172474022697977,0.542265531348288,384.92494005975186,19.619504072727015,384.92494005975186,2,0.06939124565523153,0.0468532830576758,0.3346354166666667,0.0468532830576758,-0.0,0.0,0.005866219199723842,0.07659124753993658,0.5574612609631879,405.3338286903829,20.132904129568168,405.3338286903829,2,0.059235970428390586
0.20801367661553175,0.3346354166666667,0.20801367661553175,-0.0,0.0,0.02952276409294756,0.17182189643042461,0.46365966349981164,312.9435765417571,17.690211319872837,312.9435765417571,2,0.2395560282848435,0.15195445862065957,0.3346354166666667,0.15195445862065957,-0.0,0.0,0.02492024150461857,0.1578614630130437,0.5026842509916315,355.3814627494241,18.851563933780774,355.3814627494241,2,0.18221416214867686
0.25500023299592833,0.3346354166666667,0.25500023299592833,-0.0,0.0,0.038357406023049316,0.19585046852905233,0.5301851495003722,408.96808041968086,20.22295923992532,408.96808041968086,2,0.28640004011419845,0.16595191745949825,0.3346354166666667,0.16595191745949825,-0.0,0.0,0.030971490813523343,0.17598718934491608,0.4955587752634498,353.9893303217711,18.81460417659035,353.9893303217711,2,0.2110563685754176
0.20897883983170867,0.3346354166666667,0.20897883983170867,-0.0,0.0,0.026220857557311024,0.16192855695432792,0.5941670638951027,485.6342814277111,22.037111458349322,485.6342814277111,2,0.23344423841954948,0.16938182905094568,0.3346354166666667,0.16938182905094568,-0.0,0.0,0.029489785441856695,0.17172590207029542,0.48336334139997594,336.5865493341667,18.346295248201113,336.5865493341667,2,0.202925746632406
0.24515351434870994,0.3346354166666667,0.24515351434870994,-0.0,0.0,0.03803266553424416,0.19501965422552714,0.47725306645062165,339.92915088853186,18.43716764821896,339.92915088853186,2,0.2753398942825573,0.11931910281961247,0.3346354166666667,0.11931910281961247,-0.0,0.0,0.02178549714119569,0.14759910955421002,0.44619289422059466,282.5708517540901,16.809843894399794,282.5708517540901,2,0.14675957412831603
0.23091312422421412,0.3346354166666667,0.23091312422421412,-0.0,0.0,0.03270828681070822,0.1808543248327455,0.5301212132675994,401.5927080847412,20.039778144598838,401.5927080847412,2,0.2589220991415804,0.14511484335848673,0.3346354166666667,0.14511484335848673,-0.0,0.0,0.031342573362327826,0.17703833867930366,0.503597587494268,364.6909729670738,19.096883854887786,364.6909729670738,2,0.18364008603979853
0.0928430670064571,0.3346354166666667,0.0928430670064571,-0.0,0.0,0.01064685222793824,0.10318358507019534,0.5518456816623319,403.6017360245262,20.089841612728712,403.6017360245262,2,0.10551580644056795,0.05146755430629736,0.3346354166666667,0.05146755430629736,-0.0,0.0,0.009641571934007656,0.09819150642498391,0.6292459113042097,519.2762716881143,22.78763418365571,519.2762716881143,2,0.08650717348076006
0.24638214995523677,0.3346354166666667,0.24638214995523677,-0.0,0.0,0.03540190022352042,0.1881539269415348,0.48789956933864664,350.18074115563815,18.713116820979828,350.18074115563815,2,0.27198985586016095,0.16006288202925545,0.3346354166666667,0.16006288202925545,-0.0,0.0,0.024600554744441363,0.15684563986429895,0.5193698462725382,376.8665288306645,19.413050477208998,376.8665288306645,2,0.19096209656193036
0.1953789871156188,0.3346354166666667,0.1953789871156188,-0.0,0.0,0.025857065453431898,0.16080132292189606,0.4967464774851172,348.97747787143913,18.680938891593193,348.97747787143913,2,0.21918136579866307,0.11787516029481689,0.3346354166666667,0.11787516029481689,-0.0,0.0,0.017495181696676524,0.13226935282474367,0.4899375588144862,329.7212476799624,18.158228098577307,329.7212476799624,2,0.14444799068866637
0.2573252310273074,0.3346354166666667,0.2573252310273074,-0.0,0.0,0.03901119045164626,0.19751250707650456,0.5125738616681663,386.10409571336965,19.649531691960743,386.10409571336965,2,0.2864353714727193,0.1693858770286546,0.3346354166666667,0.1693858770286546,-0.0,0.0,0.0320429922246261,0.1790055647867577,0.49751236803176785,357.9363605163876,18.919206128069636,357.9363605163876,2,0.21147194074654435
0.2189772349807547,0.3346354166666667,0.2189772349807547,-0.0,0.0,0.0317755109099224,0.17825686777771677,0.5292559049381713,399.1941641794969,19.979843947826442,399.1941641794969,2,0.24713908240265828,0.08797314306996672,0.3346354166666667,0.08797314306996672,-0.0,0.0,0.011199845726663993,0.10582932356707186,0.5461144742613534,396.1488769284394,19.903489064192726,396.1488769284394,2,0.10624626798181436
0.22682976847998465,0.3346354166666667,0.22682976847998465,-0.0,0.0,0.031780151130953456,0.17826988284888015,0.493297091786113,352.3472039579472,18.77091377525205,352.3472039579472,2,0.25387787714930204,0.13572803325262023,0.3346354166666667,0.13572803325262023,-0.0,0.0,0.021928930849222185,0.14808420188940544,0.4909209392414379,336.801611077477,18.352155488592533,336.801611077477,2,0.1646653465248004
0.23264656852309673,0.3346354166666667,0.23264656852309673,-0.0,0.0,0.03465909829685537,0.1861695418076098,0.5195052714200538,390.0022738875243,19.748475229432888,390.0022738875243,2,0.2633264297415705,0.1299990166214448,0.3346354166666667,0.1299990166214448,-0.0,0.0,0.02421523046330679,0.15561243672440447,0.5533448578683442,422.86960772777826,20.563793612263723,422.86960772777826,2,0.16623254506154198
0.17238335518505926,0.3346354166666667,0.17238335518505926,-0.0,0.0,0.021804063474564633,0.1476619906223827,0.5513997030965571,416.99335680674926,20.420415196727742,416.99335680674926,2,0.1945527751702446,0.12937572406651315,0.3346354166666667,0.12937572406651315,-0.0,0.0,0.024595586754114194,0.15682980186850393,0.47335800688685803,318.24608348198933,17.839453004001815,318.24608348198933,2,0.16252868533838843
0.19375529207329517,0.3346354166666667,0.19375529207329517,-0.0,0.0,0.025308523297253378,0.15908652770506174,0.4826987470026507,330.34460470923165,18.175384582154834,330.34460470923165,2,0.21921123015721097,0.14659327079267678,0.3346354166666667,0.14659327079267678,-0.0,0.0,0.024151859975446412,0.15540868693688398,0.48189157241043573,328.0347089746053,18.11172849218443,328.0347089746053,2,0.1782707648664703
0.23317502777904586,0.3346354166666667,0.23317502777904586,-0.0,0.0,0.03420818879678459,0.18495455873480002,0.47574558386309884,333.4286003733678,18.260027392459403,333.4286003733678,2,0.2610467602589333,0.1401460861110048,0.3346354166666667,0.1401460861110048,-0.0,0.0,0.021731342712690747,0.14741554433875265,0.5170774430779312,369.9820394241112,19.234917193066135,369.9820394241112,2,0.1650490709898488
0.1622321086439451,0.3346354166666667,0.1622321086439451,-0.0,0.0,0.021319322734508876,0.14601137878435666,0.45848122013447856,296.3817216297192,17.21574051935377,296.3817216297192,2,0.1838487360854213,0.07288837370415621,0.3346354166666667,0.07288837370415621,-0.0,0.0,0.012409277015510792,0.11139693449781637,0.6725217951687655,594.8159728765166,24.388849355320488,594.8159728765166,2,0.08760376631901991
0.1261396355515837,0.3346354166666667,0.1261396355515837,-0.0,0.0,0.015129343711321,0.12300139719255632,0.36611486528776044,190.99336225728206,13.820034813895443,190.99336225728206,2,0.14369017160900993,0.06068471917193299,0.3346354166666667,0.06068471917193299,-0.0,0.0,0.01820537259486461,0.13492728632439255,0.609469779573717,498.9838560747123,22.337946550090773,498.9838560747123,2,0.08358703733183195
0.19385571355915218,0.3346354166666667,0.19385571355915218,-0.0,0.0,0.02666639935326638,0.1632984977067039,0.4765028657097905,324.77387414757504,18.021483683303522,324.77387414757504,2,0.22007638948482108,0.10322847662750241,0.3346354166666667,0.10322847662750241,-0.0,0.0,0.023044579519268523,0.15180441205468478,0.5668815104714805,440.82261912311236,20.99577622101913,440.82261912311236,2,0.13050547059463397
0.21652252405998373,0.3346354166666667,0.21652252405998373,-0.0,0.0,0.029807871194726467,0.17264956181446411,0.4818904154946678,335.44701597654415,18.315212692637346,335.44701597654415,2,0.24330976565173168,0.1531393028916559,0.3346354166666667,0.1531393028916559,-0.0,0.0,0.028109613368877,0.16765921796572059,0.4992205907027976,355.108174929405,18.84431412732777,355.108174929405,2,0.19503699453705683
0.1781839471175843,0.3346354166666667,0.1781839471175843,-0.0,0.0,0.01931393971047874,0.13897460095455838,0.47195291002531004,309.9325317425983,17.604900787638602,309.9325317425983,2,0.20051945796259577,0.1179541981937813,0.3346354166666667,0.1179541981937813,-0.0,0.0,0.018944903374203265,0.13764048595599793,0.5222275886414502,373.22816615535186,19.319114010620464,373.22816615535186,2,0.14733269391135645
0.14949961237563697,0.3346354166666667,0.14949961237563697,-0.0,0.0,0.015967079830531323,0.12636091100704885,0.43947830574992114,267.7564784617258,16.363266130627032,267.7564784617258,2,0.16744791888415966,0.11029429859609725,0.3346354166666667,0.11029429859609725,-0.0,0.0,0.018360611966465244,0.13550133566303044,0.5965952124680027,478.88064889597246,21.883341812803007,478.88064889597246,2,0.13669063383819086
0.22362664536399599,0.3346354166666667,0.22362664536399599,-0.0,0.0,0.029877794022076683,0.1728519424885838,0.4989459879088692,357.06792689226484,18.89624107838024,357.06792689226484,2,0.24943912388291403,0.12175536385774428,0.3346354166666667,0.12175536385774428,-0.0,0.0,0.02192667862829688,0.14807659716611832,0.42916945635415904,263.6002690541454,16.235771279928322,263.6002690541454,2,0.15191103002767284
0.2400381719522052,0.3346354166666667,0.2400381719522052,-0.0,0.0,0.0336199475601316,0.18335743115601177,0.4953289600942557,357.2052409338854,18.899874098360694,357.2052409338854,2,0.2674350837548602,0.12388938587711658,0.3346354166666667,0.12388938587711658,-0.0,0.0,0.023013809894095495,0.15170303192123583,0.45238244604502975,291.2286944747346,17.065423946528096,291.2286944747346,2,0.15489685809982914
0.2600333019068235,0.3346354166666667,0.2600333019068235,-0.0,0.0,0.03855776218704219,0.1963613052183199,0.4642637116111028,325.3863271828232,18.038467983252435,325.3863271828232,2,0.2878494044936752,0.12392940352652848,0.3346354166666667,0.12392940352652848,-0.0,0.0,0.02277513589921977,0.15091433298139634,0.489461446294367,335.6757412749437,18.321455762983017,335.6757412749437,2,0.1547255680622443
0.08079274134884316,0.3346354166666667,0.08079274134884316,-0.0,0.0,0.011558085537987414,0.10750853704700578,0.4597927326191336,285.4701632238071,16.89586231074955,285.4701632238071,2,0.09430778446938842,0.04899628828164863,0.3346354166666667,0.04899628828164863,-0.0,0.0,0.011738925415878952,0.10834632165366276,0.5943328964786257,467.1946113299931,21.61468508514508,467.1946113299931,2,0.0821652201492197
0.06259781920991325,0.3346354166666667,0.06259781920991325,-0.0,0.0,0.013335106115913157,0.11547772995652952,0.5328764267405598,380.34276988469315,19.502378569925597,380.34276988469315,2,0.10552344766248248,0.054714696672890695,0.3346354166666667,0.054714696672890695,-0.0,0.0,0.018383103125171472,0.13558430265031227,0.46749456837462666,303.1821204870397,17.41212567399626,303.1821204870397,2,0.09383315189273213
0.0667040816279993,0.3346354166666667,0.0667040816279993,-0.0,0.0,0.006432010644363606,0.08019981698460169,0.44193650689069025,258.2606752581267,16.070490821942144,258.2606752581267,2,0.07829918778946772,0.06668218091402489,0.3346354166666667,0.06668218091402489,-0.0,0.0,0.020135541759089978,0.14189975954556786,0.4517616734870145,287.08471794202893,16.943574532607602,287.08471794202893,2,0.10560653763821001
0.2612089309066875,0.3346354166666667,0.2612089309066875,-0.0,0.0,0.039087502034910244,0.1977055943439898,0.49126875642186796,359.0488751169934,18.948585042609206,359.0488751169934,2,0.2891495848925778,0.13826468548364984,0.3346354166666667,0.13826468548364984,-0.0,0.0,0.023517318937988082,0.1533535749110143,0.5089000070594485,361.45160069337214,19.011880514388157,361.45160069337214,2,0.17091586647535156
0.15326321248769023,0.3346354166666667,0.15326321248769023,-0.0,0.0,0.01721653894970246,0.1312118094902378,0.4259123460268472,254.30646664398014,15.946989265813787,254.30646664398014,2,0.17356361664886794,0.10787065721742586,0.3346354166666667,0.10787065721742586,-0.0,0.0,0.017912222659165904,0.13383655202957787,0.5308694033486483,383.37386240851635,19.579935199293086,383.37386240851635,2,0.13635362760273995
0.23537215800857156,0.3346354166666667,0.23537215800857156,-0.0,0.0,0.033702722264915566,0.18358301191808452,0.5022311539042192,366.14056382032464,19.134799811346987,366.14056382032464,2,0.264410338716284,0.14142515274539252,0.3346354166666667,0.14142515274539252,-0.0,0.0,0.026893427438602117,0.16399215663745056,0.48114777952277327,330.34624291755324,18.175429648774557,330.34624291755324,2,0.1803225473063968
0.1871528341828304,0.3346354166666667,0.1871528341828304,-0.0,0.0,0.025290082137062717,0.1590285576148596,0.45889333755262735,301.9196509250025,17.375835258340892,301.9196509250025,2,0.21175508698735016,0.08811705543932417,0.3346354166666667,0.08811705543932417,-0.0,0.0,0.013737176237612555,0.11720570053377334,0.4645416714094478,293.80217909928376,17.1406586541849,293.80217909928376,2,0.11014821473051256
0.09134104558698251,0.3346354166666667,0.09134104558698251,-0.0,0.0,0.009764581986039671,0.09881589945975126,0.46796938949713535,292.8350826581211,17.11242480357828,292.8350826581211,2,0.10721136581037995,0.060377862824508056,0.3346354166666667,0.060377862824508056,-0.0,0.0,0.013284117808782636,0.11525674734601284,0.4972106057751441,333.48451366701227,18.26155835811972,333.48451366701227,2,0.09653625596269423
0.2322157685164255,0.3346354166666667,0.2322157685164255,-0.0,0.0,0.035071285860617855,0.18727329190415234,0.5144154905958112,383.74516788089267,19.589414689594292,383.74516788089267,2,0.2629962211956101,0.1301070887190397,0.3346354166666667,0.1301070887190397,-0.0,0.0,0.02327624341444218,0.1525655380957383,0.5539262287752476,422.43124874451564,20.553132334136215,422.43124874451564,2,0.16693362274306617
0.21106095286825996,0.3346354166666667,0.21106095286825996,-0.0,0.0,0.030297573124838374,0.1740619806989406,0.5039204290933217,364.0170313250603,19.079230365113272,364.0170313250603,2,0.23875678113355003,0.11152134399850241,0.3346354166666667,0.11152134399850241,-0.0,0.0,0.0242070763600932,0.15558623448137435,0.46659567663135576,309.5435659046969,17.593850229688126,309.5435659046969,2,0.1394273865654597
0.20200832434621313,0.3346354166666667,0.20200832434621313,-0.0,0.0,0.027136796323854243,0.16473249929462688,0.5281593091297615,391.79927544033995,19.79392016353355,391.79927544033995,2,0.2289832524007393,0.11132244893165293,0.3346354166666667,0.11132244893165293,-0.0,0.0,0.01815598745903339,0.1347441555654025,0.5957797925819023,477.73465084144766,21.85714187265681,477.73465084144766,2,0.13971710500506762
0.13304204358647617,0.3346354166666667,0.13304204358647617,-0.0,0.0,0.012793424248408942,0.11310802026562458,0.4738420505746213,303.78345650274423,17.42938485726746,303.78345650274423,2,0.15156055268025986,0.09461876598973282,0.3346354166666667,0.09461876598973282,-0.0,0.0,0.015540167674084818,0.1246602088642756,0.5369820168094188,388.9398939450506,19.721559115471845,388.9398939450506,2,0.12043698921129448
0.2588730351685132,0.3346354166666667,0.2588730351685132,-0.0,0.0,0.039411036611189706,0.1985221312881506,0.519321717481057,395.6464939797483,19.890864586029142,395.6464939797483,2,0.2897550521752819,0.15109928375344128,0.3346354166666667,0.15109928375344128,-0.0,0.0,0.02701023870392598,0.16434791968237986,0.5307389475271658,395.1639252645835,19.878730474167195,395.1639252645835,2,0.193821640335363
0.22040737393158186,0.3346354166666667,0.22040737393158186,-0.0,0.0,0.028386136667336394,0.16848185857040038,0.43782395394498835,281.7587360523739,16.785670557126213,281.7587360523739,2,0.24735451028049144,0.15543931177157944,0.3346354166666667,0.15543931177157944,-0.0,0.0,0.027731794830600905,0.16652866068818575,0.5226642375529935,385.1375555408216,19.62492179706257,385.1375555408216,2,0.1991654698734613
0.27026772279195993,0.3346354166666667,0.27026772279195993,-0.0,0.0,0.044273977825987985,0.2104138251778813,0.5194674827963401,402.2045503793734,20.055038029866047,402.2045503793734,2,0.308973061927131,0.1569264933596663,0.3346354166666667,0.1569264933596663,-0.0,0.0,0.029315634308922277,0.17121808989975995,0.48185128719380993,334.39621335095444,18.286503584637344,334.39621335095444,2,0.1992076879023254
0.25572793441973446,0.3346354166666667,0.25572793441973446,-0.0,0.0,0.03966568948301945,0.19916247006657517,0.519674570335456,396.6249886075204,19.915445980633233,396.6249886075204,2,0.2897336299009884,0.13456579658648563,0.3346354166666667,0.13456579658648563,-0.0,0.0,0.02395211440224483,0.1547647065782274,0.459967215594129,301.28782213526523,17.35764448694768,301.28782213526523,2,0.1708533824726098
0.23996875173452148,0.3346354166666667,0.23996875173452148,-0.0,0.0,0.03468545054546035,0.18624030322532326,0.4919546794068008,354.3971284357977,18.825438333164985,354.3971284357977,2,0.268527767138669,0.12000166501303389,0.3346354166666667,0.12000166501303389,-0.0,0.0,0.022266534689846795,0.1492197530149638,0.4672424858333251,307.721648674057,17.54199671286188,307.721648674057,2,0.15061834868209045
0.22466174288331658,0.3346354166666667,0.22466174288331658,-0.0,0.0,0.032223655811053645,0.17950948668817937,0.45301915434979234,304.03438853741517,17.43658190521913,304.03438853741517,2,0.2564071210667206,0.13831125420839713,0.3346354166666667,0.13831125420839713,-0.0,0.0,0.024099776087311304,0.15524102578671434,0.49900525186796285,349.6400842013227,18.698665305345262,349.6400842013227,2,0.17133311180784813
0.23985233122843735,0.3346354166666667,0.23985233122843735,-0.0,0.0,0.036316570328103294,0.1905690697046698,0.5018682975133204,369.0624801658818,19.21099893722036,369.0624801658818,2,0.27578504546926064,0.1386117416304831,0.3346354166666667,0.1386117416304831,-0.0,0.0,0.02192226565236769,0.14806169542581799,0.4486350586970176,285.4904015633544,16.896461214211524,285.4904015633544,2,0.16401721229499452
0.2612327174853229,0.3346354166666667,0.2612327174853229,-0.0,0.0,0.040559103411439985,0.2013929080465347,0.5078926476580775,382.11296648501246,19.547710006162166,382.11296648501246,2,0.2934261890194562,0.18662659827552344,0.3346354166666667,0.18662659827552344,-0.0,0.0,0.030306194383721733,0.17408674384835202,0.5317519784524172,400.32572073037153,20.008141361215227,400.32572073037153,2,0.21483904107402813
0.19496312611114236,0.3346354166666667,0.19496312611114236,-0.0,0.0,0.024565083048637415,0.15673252071168067,0.4738580980347599,318.81205372116915,17.85530883858269,318.81205372116915,2,0.21920459859708605,0.14246399568385665,0.3346354166666667,0.14246399568385665,-0.0,0.0,0.02106772457418328,0.1451472513490465,0.42400270725742667,256.8946843217503,16.02793449954642,256.8946843217503,2,0.16753475885608848
0.18124329882422613,0.3346354166666667,0.18124329882422613,-0.0,0.0,0.02132775599025409,0.1460402546911436,0.4999561300169345,346.8111440373267,18.622866160645806,346.8111440373267,2,0.20349419667598945,0.12019976231411014,0.3346354166666667,0.12019976231411014,-0.0,0.0,0.016779568174671126,0.1295359725121602,0.59496887014454,474.5345676122197,21.783814349471022,474.5345676122197,2,0.1438139551787246
0.127308479737359,0.3346354166666667,0.127308479737359,-0.0,0.0,0.011791245084902877,0.10858749967147635,0.3995037120879957,219.11318088599353,14.802472120763934,219.11318088599353,2,0.14285918162470002,0.10277095112652138,0.3346354166666667,0.10277095112652138,-0.0,0.0,0.015099585048547916,0.12288036884933214,0.49666993773039797,335.02912579980523,18.303800856647378,335.02912579980523,2,0.12343997155518145
0.20178952999160482,0.3346354166666667,0.20178952999160482,-0.0,0.0,0.026811937664725578,0.16374351182482186,0.5438721505072857,412.3553897297667,20.30653564076765,412.3553897297667,2,0.22773746089194755,0.13646760390694537,0.3346354166666667,0.13646760390694537,-0.0,0.0,0.022714486339019988,0.15071325867029745,0.4358622351417798,272.2817422579822,16.500961858570008,272.2817422579822,2,0.1652737856482689
0.2587783848930321,0.3346354166666667,0.2587783848930321,-0.0,0.0,0.039722477797466835,0.1993049868855941,0.4996443980934025,369.96340221477124,19.234432724017914,369.96340221477124,2,0.2913871519879069,0.1329099818163726,0.3346354166666667,0.1329099818163726,-0.0,0.0,0.02070249794291504,0.14388362638922833,0.4501513503443846,285.78045299477384,16.905042235817508,285.78045299477384,2,0.16718053928916
0.22808739421560156,0.3346354166666667,0.22808739421560156,-0.0,0.0,0.033007516235944986,0.18167970782656215,0.5694055957301452,456.93531448235694,21.37604534244716,456.93531448235694,2,0.2564799366793633,0.15133043132104312,0.3346354166666667,0.15133043132104312,-0.0,0.0,0.02769963155210539,0.16643206287282927,0.5238807873554963,386.70118515895336,19.664719300283778,386.70118515895336,2,0.19180844217958712
0.1971147209247705,0.3346354166666667,0.1971147209247705,-0.0,0.0,0.026879301073501047,0.16394908073393108,0.4395817435318957,281.76105177640795,16.785739536177964,281.76105177640795,2,0.2214034297675749,0.11995749040700283,0.3346354166666667,0.11995749040700283,-0.0,0.0,0.021015692440626423,0.1449679014148526,0.5287772035592725,384.7651772002726,19.615432118622127,384.7651772002726,2,0.15131954128057515
0.24075235392036776,0.3346354166666667,0.24075235392036776,-0.0,0.0,0.035517452229988686,0.18846074453314857,0.4533289960176158,308.60637941854134,17.56719611715374,308.60637941854134,2,0.27308433978300956,0.12374782892459127,0.3346354166666667,0.12374782892459127,-0.0,0.0,0.02105037810850294,0.14508748432757024,0.4662981325543688,305.2716776245027,17.472025573026805,305.2716776245027,2,0.15740642466322202
0.26532866444961256,0.3346354166666667,0.26532866444961256,-0.0,0.0,0.042300060698614105,0.2056697855753589,0.4906788860430295,362.5717965104698,19.041318140046656,362.5717965104698,2,0.2985285079661772,0.14632792812832246,0.3346354166666667,0.14632792812832246,-0.0,0.0,0.023743751572584546,0.15409007616515916,0.5008663551802577,351.7144631648323,18.754051913248833,351.7144631648323,2,0.18156447095531358
0.2334679387439253,0.3346354166666667,0.2334679387439253,-0.0,0.0,0.03253181235864109,0.18036577380046662,0.482425980868073,339.7708315261528,18.43287366435719,339.7708315261528,2,0.26336168045065317,0.1915826141992469,0.3346354166666667,0.1915826141992469,-0.0,0.0,0.03275794045108669,0.1809915480100844,0.5078239794018253,372.1294267607061,19.290656462668814,372.1294267607061,2,0.22205898348421896
0.2308270052606734,0.3346354166666667,0.2308270052606734,-0.0,0.0,0.031943252051834986,0.17872675247940636,0.527066898739414,396.56346002386795,19.91390117540679,396.56346002386795,2,0.2607180883491949,0.17379806264994843,0.3346354166666667,0.17379806264994843,-0.0,0.0,0.02959104610630502,0.17202048164769515,0.5380491640767535,408.6648120492755,20.215459728862847,408.6648120492755,2,0.21268159340784665
0.27402885238486474,0.3346354166666667,0.27402885238486474,-0.0,0.0,0.042432547410751115,0.20599161975855015,0.4886497481661595,359.92996456953534,18.971820275596524,359.92996456953534,2,0.3066308142995234,0.17318181460173587,0.3346354166666667,0.17318181460173587,-0.0,0.0,0.029787263881953033,0.1725898718985359,0.47801297386883673,330.486551382906,18.17928907803894,330.486551382906,2,0.2208612008578074
0.1761867044667697,0.3346354166666667,0.1761867044667697,-0.0,0.0,0.021511010190237517,0.14666632261783044,0.5843224544902657,464.35125533107237,21.54881099576198,464.35125533107237,2,0.199913825347183,0.08996336881373,0.3346354166666667,0.08996336881373,-0.0,0.0,0.015052949214188349,0.12269046097471616,0.32178999552839704,151.90901672242262,12.325137594462085,151.90901672242262,2,0.11287341404382864
0.24576375477275025,0.3346354166666667,0.24576375477275025,-0.0,0.0,0.03691437334767878,0.1921311358100992,0.5219353488681979,395.70841177295273,19.892420963094278,395.70841177295273,2,0.27984597810652684,0.14509844903630612,0.3346354166666667,0.14509844903630612,-0.0,0.0,0.02205863663780486,0.1485215022742662,0.5568901366100028,425.101412203986,20.617987588607818,425.101412203986,2,0.1717791550557596
0.24117924731878265,0.3346354166666667,0.24117924731878265,-0.0,0.0,0.03485972596209546,0.1867075948163209,0.4755259486950419,334.31708356657475,18.28433984497594,334.31708356657475,2,0.27126556715135014,0.12915749858413794,0.3346354166666667,0.12915749858413794,-0.0,0.0,0.019151387513793913,0.13838853823129252,0.45238302156513827,286.51246348752704,16.92667904485481,286.51246348752704,2,0.16240407341768262
0.22852319541717292,0.3346354166666667,0.22852319541717292,-0.0,0.0,0.03168382569957947,0.1779995103914038,0.5262211955222028,395.13551771054387,19.87801593999119,395.13551771054387,2,0.2581691474583694,0.12412210287706152,0.3346354166666667,0.12412210287706152,-0.0,0.0,0.021318278952186184,0.1460078044221821,0.47928747576596664,321.2914258799395,17.92460392532955,321.2914258799395,2,0.1567165189788059
0.1387886801486674,0.3346354166666667,0.1387886801486674,-0.0,0.0,0.013509728649885843,0.11623135828977413,0.43749954996075724,262.1473849303896,16.19096615185115,262.1473849303896,2,0.15946030646096615,0.12631036217067412,0.3346354166666667,0.12631036217067412,-0.0,0.0,0.025266807573303546,0.15895536346189626,0.45332486404814165,295.37805869357703,17.186566227538794,295.37805869357703,2,0.15419252120310484
0.2215114836380942,0.3346354166666667,0.2215114836380942,-0.0,0.0,0.03172117004526099,0.1781043796352605,0.5426405280924754,417.45980200821145,20.431833055509518,417.45980200821145,2,0.25127979697994335,0.15364041857295052,0.3346354166666667,0.15364041857295052,-0.0,0.0,0.0276636000690913,0.1663237808285132,0.49227827956789305,345.6389780302403,18.59136837433545,345.6389780302403,2,0.19282240081393237
0.2359306430623307,0.3346354166666667,0.2359306430623307,-0.0,0.0,0.036348917277540346,0.19065392017354468,0.5107776771285579,380.6344713082354,19.50985574801196,380.6344713082354,2,0.26938307298597813,0.15125791243376957,0.3346354166666667,0.15125791243376957,-0.0,0.0,0.026162777002113967,0.16174911746935117,0.4667734334943841,312.2683344109056,17.671115822463097,312.2683344109056,2,0.18906564191037603
0.24327218722466376,0.3346354166666667,0.24327218722466376,-0.0,0.0,0.03697443791449445,0.1922873836591846,0.5290726695286596,405.4886660728377,20.136749143613965,405.4886660728377,2,0.27430500901806004,0.15974246327131164,0.3346354166666667,0.15974246327131164,-0.0,0.0,0.02764954404682782,0.16628152046101763,0.5020375642888651,357.7503557654805,18.91428972405468,357.7503557654805,2,0.1965025208968607
0.2690644782134811,0.3346354166666667,0.2690644782134811,-0.0,0.0,0.04323401289144981,0.20792790310934656,0.5219967567654689,403.9389451523033,20.09823238875258,403.9389451523033,2,0.306082293129304,0.14370396258750198,0.3346354166666667,0.14370396258750198,-0.0,0.0,0.02523939193377429,0.15886910314398545,0.5263183569203677,386.7049811601503,19.66481581810901,386.7049811601503,2,0.18256872001191246
0.2355122356263843,0.3346354166666667,0.2355122356263843,-0.0,0.0,0.03512448150061712,0.18741526485485946,0.5182877956480961,388.95549643202713,19.72195468081263,388.95549643202713,2,0.2684174880313968,0.09618158878120837,0.3346354166666667,0.09618158878120837,-0.0,0.0,0.013151632434904964,0.11468056694534155,0.6108855181696585,494.79243161988904,22.243930219722618,494.79243161988904,2,0.11795849611785313
0.2282152427795811,0.3346354166666667,0.2282152427795811,-0.0,0.0,0.03213924520832785,0.179274217913028,0.5441952049203033,420.14640189874194,20.497473061300553,420.14640189874194,2,0.25960064019270473,0.14838513543154766,0.3346354166666667,0.14838513543154766,-0.0,0.0,0.026608688011760907,0.16312169693747336,0.5377069757015553,404.1962893094739,20.104633528355446,404.1962893094739,2,0.1885387643553012
0.2413231265177261,0.3346354166666667,0.2413231265177261,-0.0,0.0,0.0355317338431341,0.1884986308786727,0.4904696122043973,353.3809733780499,18.79843007748386,353.3809733780499,2,0.2748743333823719,0.13988696445811258,0.3346354166666667,0.13988696445811258,-0.0,0.0,0.020600790758827238,0.14352975565654405,0.5500522354785038,413.8763567668596,20.3439513557927,413.8763567668596,2,0.17020249745551164
0.2274431052769435,0.3346354166666667,0.2274431052769435,-0.0,0.0,0.03125270715461314,0.1767843521203535,0.47247533369199746,325.88319220903327,18.052235102862838,325.88319220903327,2,0.257839556109008,0.1509567083674188,0.3346354166666667,0.1509567083674188,-0.0,0.0,0.026929473874544,0.1641020227618904,0.5062991349007908,362.7031510072353,19.044767024230968,362.7031510072353,2,0.19118262315466708
0.22736392768166175,0.3346354166666667,0.22736392768166175,-0.0,0.0,0.03245648011393342,0.18015682089205898,0.5271004410842707,397.0356231606463,19.92575276271003,397.0356231606463,2,0.2586455775437742,0.15640837296951968,0.3346354166666667,0.15640837296951968,-0.0,0.0,0.026068421537754106,0.16145718174721777,0.44191775168709624,283.3233368599614,16.832211288477858,283.3233368599614,2,0.19038804252037458
0.23974062403053692,0.3346354166666667,0.23974062403053692,-0.0,0.0,0.03607818849866482,0.18994259263963104,0.49147772553764413,355.39316080637303,18.851874198773263,355.39316080637303,2,0.27440847055891165,0.12271377594747275,0.3346354166666667,0.12271377594747275,-0.0,0.0,0.02362199922361379,0.15369449965309034,0.4795633776940368,324.83856741466457,18.023278486853176,324.83856741466457,2,0.15777437771287375
0.2368449508275857,0.3346354166666667,0.2368449508275857,-0.0,0.0,0.034321368676728796,0.18526027279675694,0.5061931027303679,371.99927605539403,19.287282754587128,371.99927605539403,2,0.2698362615849709,0.1777691981141808,0.3346354166666667,0.1777691981141808,-0.0,0.0,0.030634549392162484,0.1750272818510374,0.5320673617502744,401.41037503794536,20.035228350032483,401.41037503794536,2,0.21681213427416324
0.2397061414171758,0.3346354166666667,0.2397061414171758,-0.0,0.0,0.03552524189736021,0.1884814099516454,0.521533964363945,393.5884738369705,19.839064338747693,393.5884738369705,2,0.2728832092401012,0.13249006403587554,0.3346354166666667,0.13249006403587554,-0.0,0.0,0.02201867153946465,0.14838689813950776,0.5242930388599408,380.03357537267834,19.494449860734164,380.03357537267834,2,0.1719903370851503
0.2283750287371121,0.3346354166666667,0.2283750287371121,-0.0,0.0,0.03202606033528209,0.1789582642273949,0.5484406068921758,426.24328315402016,20.64566015302054,426.24328315402016,2,0.2614038587315531,0.18065877792903856,0.3346354166666667,0.18065877792903856,-0.0,0.0,0.03131918697031198,0.1769722774061293,0.5122236652112498,375.97478973464473,19.390069358685768,375.97478973464473,2,0.21933578799480027
0.20024735557743883,0.3346354166666667,0.20024735557743883,-0.0,0.0,0.02542525275333667,0.15945297975684453,0.5157195395324633,373.05585022975635,19.314653769347156,373.05585022975635,2,0.22852721146892394,0.14174911412085883,0.3346354166666667,0.14174911412085883,-0.0,0.0,0.022459447305558527,0.14986476338872498,0.6104125798122579,505.7887763524719,22.489748250091015,505.7887763524719,2,0.17535581058155206
0.15973835522998894,0.3346354166666667,0.15973835522998894,-0.0,0.0,0.017836354895323835,0.13355281687528658,0.5108498269696551,356.73264334469627,18.887367295223978,356.73264334469627,2,0.1821513388542737,0.11200239081714061,0.3346354166666667,0.11200239081714061,-0.0,0.0,0.02396301343107049,0.15479991418302044,0.5208558027605036,377.781235165799,19.436595256520597,377.781235165799,2,0.1447826962678873
0.2383232343463894,0.3346354166666667,0.2383232343463894,-0.0,0.0,0.03531916104909037,0.18793392734972142,0.5219715037619909,393.9937518770909,19.849275852712886,393.9937518770909,2,0.2708335946146498,0.13057697170182175,0.3346354166666667,0.13057697170182175,-0.0,0.0,0.020561990996431165,0.143394529171901,0.45450969443837674,290.96768932200405,17.057775040198063,290.96768932200405,1,0.1607408498947334
0.24182379710544905,0.3346354166666667,0.24182379710544905,-0.0,0.0,0.035818816269659735,0.18925859628999614,0.5102027255568358,379.238869533756,19.474056319466573,379.238869533756,2,0.2744057444289928,0.1492696557076026,0.3346354166666667,0.1492696557076026,-0.0,0.0,0.023828014684670284,0.15436325561697084,0.5265640472483357,385.5822964110158,19.636249550538306,385.5822964110158,2,0.1797360164982164
0.2630440439677145,0.3346354166666667,0.2630440439677145,-0.0,0.0,0.040087955957884745,0.20021976914851528,0.5055262352748019,378.64966515810573,19.458922507634018,378.64966515810573,2,0.2971892081067485,0.18076142932785028,0.3346354166666667,0.18076142932785028,-0.0,0.0,0.034884756230834736,0.18677461345384908,0.5174516826973559,387.3641116243834,19.68156781418552,387.3641116243834,2,0.2340980136354664
0.2623843220294202,0.3346354166666667,0.2623843220294202,-0.0,0.0,0.03996841145944601,0.19992101305126986,0.4777282315728753,343.1930187098405,18.525469459904127,343.1930187098405,2,0.2955614464344891,0.16599837366020775,0.3346354166666667,0.16599837366020775,-0.0,0.0,0.031211459303982392,0.17666765211544075,0.49354916345015015,351.76857598453876,18.755494554517583,351.76857598453876,2,0.21059136288493038
0.2444892608848285,0.3346354166666667,0.2444892608848285,-0.0,0.0,0.036467734439630035,0.19096527024469667,0.5040144037552325,371.3313980459773,19.269961028657463,371.3313980459773,2,0.28123259807149725,0.1816908892604935,0.3346354166666667,0.1816908892604935,-0.0,0.0,0.03197016876735394,0.17880203792841384,0.4833902406162068,339.85976218652826,18.435285790747272,339.85976218652826,2,0.21905444761343293
0.249681055859237,0.3346354166666667,0.249681055859237,-0.0,0.0,0.03686669678947249,0.19200702276081594,0.502889960867689,370.8384007509099,19.257164919865797,370.8384007509099,2,0.2823345396611382,0.19488422425145294,0.3346354166666667,0.19488422425145294,-0.0,0.0,0.0325703065790122,0.18047245379562002,0.5242864018570739,393.33463149906146,19.832665768853705,393.33463149906146,2,0.22957018043451546
0.2643452726736316,0.3346354166666667,0.2643452726736316,-0.0,0.0,0.04143532944237085,0.20355669834807905,0.46067767271367227,324.6524798337395,18.01811532413253,324.6524798337395,2,0.298764234750682,0.16959965817821782,0.3346354166666667,0.16959965817821782,-0.0,0.0,0.029966052914968757,0.17310705622524103,0.5025600834463396,361.72931000966736,19.019182685112085,361.72931000966736,2,0.2146841533297434
0.2625065025988301,0.3346354166666667,0.2625065025988301,-0.0,0.0,0.04005972288584708,0.20014925152457375,0.5055911980582888,378.47650425704273,19.45447260290144,378.47650425704273,2,0.29693093181659574,0.15647528530042343,0.3346354166666667,0.15647528530042343,-0.0,0.0,0.02672465546964786,0.16347677348677964,0.5344384791147078,399.7624179619021,19.994059566828895,399.7624179619021,2,0.20259198838180026
0.2581027506415813,0.3346354166666667,0.2581027506415813,-0.0,0.0,0.039290655345488305,0.1982187058415232,0.5267733238418094,405.7182756599764,20.14244959432632,405.7182756599764,2,0.2912876627792178,0.15861541342905353,0.3346354166666667,0.15861541342905353,-0.0,0.0,0.028200384261716598,0.1679297003561806,0.5172406291754885,378.18630931363157,19.447012863512782,378.18630931363157,2,0.20270116560885512
0.2130352615449901,0.3346354166666667,0.2130352615449901,-0.0,0.0,0.02848629106230476,0.16877882290828064,0.567973492390761,449.4847732853769,21.201055947413963,449.4847732853769,2,0.24085861804533876,0.15894138877520306,0.3346354166666667,0.15894138877520306,-0.0,0.0,0.02792411533892246,0.16710510267170917,0.5635780842898315,441.87651531880437,21.020859052826655,441.87651531880437,2,0.19734035104847952
0.22879340576586546,0.3346354166666667,0.22879340576586546,-0.0,0.0,0.03439668293852019,0.18546342749588177,0.5281659294438289,401.10904096270644,20.027706832353683,401.10904096270644,2,0.264950041797915,0.17305415801507093,0.3346354166666667,0.17305415801507093,-0.0,0.0,0.03177896270956035,0.1782665496091747,0.5088383908771384,371.80499721933444,19.282245647728235,371.80499721933444,2,0.20728158981105355
0.22584357662415,0.3346354166666667,0.22584357662415,-0.0,0.0,0.032414882285696694,0.18004133493644367,0.5198922245532474,387.43135221039546,19.683275952198493,387.43135221039546,2,0.259675166427635,0.13333666804107744,0.3346354166666667,0.13333666804107744,-0.0,0.0,0.018646952280900648,0.13655384388914377,0.5254186501610824,376.8339954521877,19.412212533665183,376.8339954521877,2,0.15737511433525997
0.23733380089537595,0.3346354166666667,0.23733380089537595,-0.0,0.0,0.03530768906292989,0.18790340354269766,0.508128871779744,375.4818635435489,19.37735440000902,375.4818635435489,2,0.26888591198199985,0.15458728187181853,0.3346354166666667,0.15458728187181853,-0.0,0.0,0.02278052097193573,0.15093217341553036,0.4416910534848594,278.6734462753374,16.693515096448003,278.6734462753374,2,0.18044696557056047
0.23824899013455286,0.3346354166666667,0.23824899013455286,-0.0,0.0,0.035275506033415414,0.18781774685427205,0.502083853217885,367.20411624522967,19.162570710769202,367.20411624522967,2,0.269910890370942,0.14036053340106894,0.3346354166666667,0.14036053340106894,-0.0,0.0,0.023374672109459628,0.15288777619371546,0.43754996168673627,274.2849773160608,16.561551174816348,274.2849773160608,2,0.1647481523586813
0.2616327527443847,0.3346354166666667,0.2616327527443847,-0.0,0.0,0.04134886460459894,0.20334420228912095,0.49697419915124236,368.4567138484337,19.195226329700667,368.4567138484337,2,0.2967812494236322,0.1840752816042735,0.3346354166666667,0.1840752816042735,-0.0,0.0,0.029620721892741196,0.1721067165823031,0.47962688803706494,332.35305244141966,18.2305527190324,332.35305244141966,2,0.21590656580628917
0.21709174765132336,0.3346354166666667,0.21709174765132336,-0.0,0.0,0.029301628236283798,0.17117718374913113,0.4748455228791052,325.9460476377635,18.053975950957824,325.9460476377635,2,0.2444433010577545,0.16799334973316027,0.3346354166666667,0.16799334973316027,-0.0,0.0,0.02543412672830395,0.1594808036357478,0.5683625219816304,445.8005295872283,21.11398895489027,445.8005295872283,2,0.197081384762569
0.20617865762929738,0.3346354166666667,0.20617865762929738,-0.0,0.0,0.028283944275671602,0.16817831095498492,0.4816311201122015,332.96911904997125,18.24744143845847,332.96911904997125,2,0.23790571765852486,0.17174540248632403,0.3346354166666667,0.17174540248632403,-0.0,0.0,0.02783214225038977,0.16682968036410598,0.4443218858804576,288.24603508640143,16.977810079229933,288.24603508640143,2,0.20219020881356312
0.23715937663684725,0.3346354166666667,0.23715937663684725,-0.0,0.0,0.035864368449354055,0.18937890180628372,0.4941498737530729,358.44011490136995,18.93251475376079,358.44011490136995,2,0.27757789662917043,0.1827542096718001,0.3346354166666667,0.1827542096718001,-0.0,0.0,0.030818006390501074,0.1755505807182109,0.49863657443022924,357.3691826596413,18.90421071242175,357.3691826596413,2,0.2168889699791854
0.2342996035710157,0.3346354166666667,0.2342996035710157,-0.0,0.0,0.035226567261210505,0.18768741902751634,0.49428330965887396,357.6709922853852,18.912191630939688,357.6709922853852,2,0.2734730984214094,0.18721460927048408,0.3346354166666667,0.18721460927048408,-0.0,0.0,0.030238978543489517,0.1738935839629787,0.5351386974156622,405.125379698044,20.127726640086408,405.125379698044,2,0.22099590319391954
0.24083604668361613,0.3346354166666667,0.24083604668361613,-0.0,0.0,0.03549401161290493,0.1883985446146146,0.5315557619808874,407.1007799505746,20.1767385855736,407.1007799505746,2,0.27502367836260144,0.17701328665952124,0.3346354166666667,0.17701328665952124,-0.0,0.0,0.028121198681645095,0.16769376458784951,0.4769501290015177,326.83068153368566,18.078459047542896,326.83068153368566,2,0.20748015841149425
0.22754206480431746,0.3346354166666667,0.22754206480431746,-0.0,0.0,0.0328375058413608,0.1812112188617493,0.50558373905396,369.0725748375887,19.21126166699076,369.0725748375887,2,0.2576476098147306,0.15132643232248985,0.3346354166666667,0.15132643232248985,-0.0,0.0,0.021898043497251562,0.14797987531165027,0.5733939667160659,448.6079970345299,21.180368198747864,448.6079970345299,2,0.1764188354857065
0.23580467234129357,0.3346354166666667,0.23580467234129357,-0.0,0.0,0.03602527924108556,0.1898032645690942,0.4977162731097435,362.74170006221965,19.045779061572137,362.74170006221965,2,0.26895449434501734,0.16887373770233022,0.3346354166666667,0.16887373770233022,-0.0,0.0,0.02935004558615525,0.17131855003517643,0.5070655998865056,366.4253593930281,19.14224018742394,366.4253593930281,2,0.20295974527703392
0.25175621863014885,0.3346354166666667,0.25175621863014885,-0.0,0.0,0.03836169458417453,0.19586141678282257,0.5194229520550525,394.012174743565,19.849739916270064,394.012174743565,2,0.28460836328817896,0.1331376258183332,0.3346354166666667,0.1331376258183332,-0.0,0.0,0.023402878351647578,0.15297999330516254,0.5706963863885783,446.8375738640672,21.138532916549984,446.8375738640672,2,0.16800094878224409
0.2653390132764541,0.3346354166666667,0.2653390132764541,-0.0,0.0,0.041981958948113914,0.20489499493182822,0.5213230754485889,401.1540180633528,20.028829672832927,401.1540180633528,2,0.29986071124707175,0.140767290483766,0.3346354166666667,0.140767290483766,-0.0,0.0,0.023024260748664066,0.1517374731194113,0.4802344812528734,324.5039546125217,18.01399330000213,324.5039546125217,2,0.17991862449642596
0.1368836458481624,0.3346354166666667,0.1368836458481624,-0.0,0.0,0.017225710882584937,0.13124675570308372,0.46371539254922933,297.2694538293914,17.241503815775218,297.2694538293914,2,0.15466338559644346,0.07687344335168186,0.3346354166666667,0.07687344335168186,-0.0,0.0,0.014844876599540384,0.1218395526893479,0.552302103617379,409.28961020884805,20.230907300683477,409.28961020884805,2,0.09771257013851711
0.16550809306342923,0.3346354166666667,0.16550809306342923,-0.0,0.0,0.02227493564508192,0.1492478999687497,0.4428224417995468,279.38374804530315,16.714776338476778,279.38374804530315,2,0.18702505986850718,0.06909626034766025,0.3346354166666667,0.06909626034766025,-0.0,0.0,0.011121594159390293,0.10545896907987624,0.6080034065944379,487.32758678750525,22.075497430126127,487.32758678750525,2,0.08848184578296052
0.194591308600541,0.3346354166666667,0.194591308600541,-0.0,0.0,0.02612319463374344,0.16162671386173585,0.48836720100055214,338.6823147051391,18.40332346901339,338.6823147051391,2,0.21917790001165688,0.09770872666783423,0.3346354166666667,0.09770872666783423,-0.0,0.0,0.016930487493552897,0.13011720675434474,0.3952091865001269,221.6414442174965,14.887627219187634,221.6414442174965,2,0.12163205839629736
0.22571790222352844,0.3346354166666667,0.22571790222352844,-0.0,0.0,0.03493711322363171,0.1869147217948113,0.5151877359965169,384.26691118341637,19.602727136381212,384.26691118341637,2,0.25414230341880467,0.12635120299279115,0.3346354166666667,0.12635120299279115,-0.0,0.0,0.025390539965236204,0.15934409297252347,0.45569938929211834,298.425281659705,17.274990062506692,298.425281659705,2,0.15725317980504436
0.1446527326845318,0.3346354166666667,0.1446527326845318,-0.0,0.0,0.015486804436868822,0.1244459900393292,0.5593208422794319,420.055348588547,20.4952518547235,420.055348588547,2,0.16328970993992217,0.11848246962564782,0.3346354166666667,0.11848246962564782,-0.0,0.0,0.018895595006274548,0.13746124910779237,0.4799597133922025,318.6966201080072,17.852076072771123,318.6966201080072,2,0.14595477777587829
0.18289231891412,0.3346354166666667,0.18289231891412,-0.0,0.0,0.024510038576686224,0.15655682219784045,0.4363288402032789,274.8177756845718,16.57762877146704,274.8177756845718,2,0.20626362060927098,0.11560331250478664,0.3346354166666667,0.11560331250478664,-0.0,0.0,0.01724749904069138,0.13132973403114537,0.41427645317847817,241.67292725714265,15.545833115569671,241.67292725714265,2,0.13739029166752909
0.24505043109453709,0.3346354166666667,0.24505043109453709,-0.0,0.0,0.037892821677060685,0.19466078618217045,0.5018516716182404,370.74558761988857,19.254754935337104,370.74558761988857,2,0.2782674577417834,0.1464537346982168,0.3346354166666667,0.1464537346982168,-0.0,0.0,0.02315300867852724,0.15216112735691478,0.47952520437973906,323.62433812540723,17.989561921442313,323.62433812540723,2,0.1708009831385217
0.24968689071033276,0.3346354166666667,0.24968689071033276,-0.0,0.0,0.03969642699884598,0.1992396220605881,0.5039605278032442,375.9823565798626,19.39026447936857,375.9823565798626,2,0.2850188604084679,0.17041117413643336,0.3346354166666667,0.17041117413643336,-0.0,0.0,0.031061686250286793,0.1762432587371409,0.530099073856178,399.1194775936548,19.97797481211884,399.1194775936548,2,0.20865743669746464
0.2564554016668087,0.3346354166666667,0.2564554016668087,-0.0,0.0,0.038928083056450645,0.1973020097628269,0.5332495930570509,414.0088149598834,20.3472065640442,414.0088149598834,2,0.2874961195674612,0.16522893251908888,0.3346354166666667,0.16522893251908888,-0.0,0.0,0.030673602153953206,0.17513880824635414,0.5274546992561507,395.04629662187165,19.875771598151143,395.04629662187165,2,0.2107186754632857
0.2761157072609327,0.3346354166666667,0.2761157072609327,-0.0,0.0,0.04471276572226661,0.21145393286072173,0.5079479675537681,387.66200848074135,19.68913427453684,387.66200848074135,2,0.3105315798994874,0.17623652285033647,0.3346354166666667,0.17623652285033647,-0.0,0.0,0.033799367490886745,0.18384604290244255,0.5273205309579316,398.8664022485925,19.971639948902357,398.8664022485925,2,0.2206636133340235
0.19873585611142003,0.3346354166666667,0.19873585611142003,-0.0,0.0,0.02503236209392173,0.15821618783778646,0.5760547614597246,456.9241010082855,21.375783050178196,456.9241010082855,2,0.22612810199337138,0.1254285751452648,0.3346354166666667,0.1254285751452648,-0.0,0.0,0.02070637478801912,0.14389709791381866,0.49235189638081706,336.7391115211209,18.350452624421035,336.7391115211209,2,0.15990398409792453
0.2800342126912209,0.3346354166666667,0.2800342126912209,-0.0,0.0,0.04450223671779664,0.21095553256029254,0.502133712794959,379.84736029902353,19.489673170656904,379.84736029902353,2,0.31538233418391487,0.1501331647985861,0.3346354166666667,0.1501331647985861,-0.0,0.0,0.02430933365461013,0.15591450751809507,0.4369294369091863,275.3804020481285,16.594589541417662,275.3804020481285,2,0.19500698906102376
0.1936773189736897,0.3346354166666667,0.1936773189736897,-0.0,0.0,0.024446045696727585,0.1563523127322637,0.5268257569068677,386.58341752209805,19.66172468330533,386.58341752209805,2,0.21753957382526115,0.09076922046257505,0.3346354166666667,0.09076922046257505,-0.0,0.0,0.014604718342726817,0.12084998279986149,0.3970176262848162,220.44090972086659,14.84725259840576,220.44090972086659,2,0.11735410921348331
0.2599562803562444,0.3346354166666667,0.2599562803562444,-0.0,0.0,0.040610181591961794,0.2015196804085442,0.5280218031709114,408.79396216698404,20.218653816883656,408.79396216698404,2,0.2918952430101937,0.15854188982507417,0.3346354166666667,0.15854188982507417,-0.0,0.0,0.026608145177848867,0.16312003303656136,0.4875761496677864,338.5550386856606,18.399865181181642,338.5550386856606,2,0.19736845838857175
0.14036965223951725,0.3346354166666667,0.14036965223951725,-0.0,0.0,0.017366066153320203,0.1317803708953659,0.5375621912750032,392.11529172364345,19.80190121487438,392.11529172364345,2,0.15917602382695217,0.09317132264238052,0.3346354166666667,0.09317132264238052,-0.0,0.0,0.017132505255075352,0.1308911962473999,0.6262834085679412,523.9695190328496,22.890380491220533,523.9695190328496,2,0.11225656327684838
0.18501106070947623,0.3346354166666667,0.18501106070947623,-0.0,0.0,0.024634209383394938,0.15695288905717836,0.4491304158036236,289.73621883593046,17.021639722304382,289.73621883593046,2,0.21013865157495049,0.1126333708628342,0.3346354166666667,0.1126333708628342,-0.0,0.0,0.021754725037531644,0.14749483054511314,0.5613203220464487,431.09739316987327,20.762884991490786,431.09739316987327,2,0.13286187747508157
0.20883840597242678,0.3346354166666667,0.20883840597242678,-0.0,0.0,0.028805970289502946,0.16972321670738788,0.5253794514579181,390.1223325070037,19.75151468892965,390.1223325070037,2,0.2353065238043379,0.13055246840976714,0.3346354166666667,0.13055246840976714,-0.0,0.0,0.018474084547574897,0.1359194046027825,0.4701780799680235,306.67466879988064,17.512129190931656,306.67466879988064,2,0.15522755849949113
0.23458949706592042,0.3346354166666667,0.23458949706592042,-0.0,0.0,0.03454964034432619,0.1858753354921685,0.5076830179028199,374.1171658567493,19.342108619712313,374.1171658567493,2,0.26361633939039875,0.17700092078827181,0.3346354166666667,0.17700092078827181,-0.0,0.0,0.02961874690622844,0.17210097880671232,0.5213189580433154,385.85046456896106,19.643076759228965,385.85046456896106,2,0.208485539500108
0.17582303321019147,0.3346354166666667,0.17582303321019147,-0.0,0.0,0.0224297457616205,0.14976563611730329,0.5329411420451501,392.1903646235756,19.80379672243622,392.1903646235756,2,0.19884411590378917,0.12508622005737569,0.3346354166666667,0.12508622005737569,-0.0,0.0,0.018309922803960696,0.13531416335314161,0.4989593425611068,342.0594181341683,18.494848421497494,342.0594181341683,2,0.1458424853981204
0.20243990745946902,0.3346354166666667,0.20243990745946902,-0.0,0.0,0.02760301675861237,0.1661415563867522,0.5030769202483995,359.2015028614237,18.952612032683614,359.2015028614237,2,0.22872053352921662,0.13064633266532405,0.3346354166666667,0.13064633266532405,-0.0,0.0,0.02031468651628279,0.14252959873753518,0.47189044553063025,311.0324233285953,17.636111343734346,311.0324233285953,2,0.15334939353431332
0.21510684919776496,0.3346354166666667,0.21510684919776496,-0.0,0.0,0.02944885871744699,0.171606697763948,0.4838011927741688,337.2941802958441,18.36557051375873,337.2941802958441,2,0.24171456614801048,0.17777056874683267,0.3346354166666667,0.17777056874683267,-0.0,0.0,0.030935975281136566,0.17588625665792243,0.5452252949802089,420.05495265255564,20.495242195508588,420.05495265255564,2,0.2078141447821958
0.22264771482934592,0.3346354166666667,0.22264771482934592,-0.0,0.0,0.031197128996184337,0.1766270902103761,0.5109206084340251,374.03846632441355,19.340074103384755,374.03846632441355,2,0.253892911916074,0.17105461993485532,0.3346354166666667,0.17105461993485532,-0.0,0.0,0.026830771483143598,0.16380101185018242,0.4888608204964343,340.2754463132453,18.446556489308385,340.2754463132453,2,0.19980056503400148
0.1213336269183519,0.3346354166666667,0.1213336269183519,-0.0,0.0,0.019164378681544924,0.13843546757079606,0.542243007114995,400.8140596834065,20.020341148027587,400.8140596834065,2,0.13943683650165256,0.05526087783960796,0.3346354166666667,0.05526087783960796,-0.0,0.0,0.013678046969469471,0.11695318281034284,0.375122448387888,197.6494216702514,14.058784501878225,197.6494216702514,2,0.06749186191821936
0.1784136412765455,0.3346354166666667,0.1784136412765455,-0.0,0.0,0.02137964999895412,0.14621781696822764,0.5374687732461741,396.74080971139136,19.918353589375588,396.74080971139136,2,0.20185647174641644,0.1336187466208367,0.3346354166666667,0.1336187466208367,-0.0,0.0,0.024321596118758927,0.1559538268807756,0.487668413966426,335.63562908121133,18.320361052152094,335.63562908121133,2,0.16839833373382293
0.08635064035632381,0.3346354166666667,0.08635064035632381,-0.0,0.0,0.011209096555061191,0.10587302090268885,0.4784588285927138,307.27652090538254,17.529304632682454,307.27652090538254,2,0.09861687436405529,0.04970316021556602,0.3346354166666667,0.04970316021556602,-0.0,0.0,0.028847202400861544,0.16984464195511598,0.526052974599072,390.94694227754024,19.7723782655891,390.94694227754024,2,0.0627065450853172
0.09929383621400185,0.3346354166666667,0.09929383621400185,-0.0,0.0,0.011130689656941726,0.10550208366161175,0.4778918358106909,306.4694503654924,17.50626888761544,306.4694503654924,2,0.1130809910484709,0.06205875402175816,0.3346354166666667,0.06205875402175816,-0.0,0.0,0.014644898217355977,0.12101610726409925,0.44157693586858804,268.395207497241,16.382771667127667,268.395207497241,2,0.07731176149780143
0.16274059057724005,0.3346354166666667,0.16274059057724005,-0.0,0.0,0.021685991652570166,0.1472616435212176,0.4375966625949153,272.94291421829865,16.520984057201275,272.94291421829865,2,0.18322058079366593,0.06508154349875955,0.3346354166666667,0.06508154349875955,-0.0,0.0,0.01458977462530476,0.12078813942314352,0.5393277124762846,391.01462542231667,19.774089749526187,391.01462542231667,2,0.08109170828246984
0.20311616529808382,0.3346354166666667,0.20311616529808382,-0.0,0.0,0.028247309640793635,0.1680693596132074,0.4392987991406115,283.14374913808365,16.826875798498175,283.14374913808365,2,0.22823650423711045,0.09157796612867361,0.3346354166666667,0.09157796612867361,-0.0,0.0,0.02578678631139049,0.1605826463581619,0.5450049155109778,413.52138257186783,20.33522516649048,413.52138257186783,2,0.11532375294856617
0.2421757619789399,0.3346354166666667,0.2421757619789399,-0.0,0.0,0.03541773072671993,0.18819599019830346,0.4869898420503593,349.16360682652237,18.68592001552298,349.16360682652237,2,0.2699745399354837,0.1587674861011525,0.3346354166666667,0.1587674861011525,-0.0,0.0,0.02681194358114716,0.1637435298909461,0.5165895157657496,376.0259031533914,19.391387344730944,376.0259031533914,2,0.18843169825767814
0.21782086983355775,0.3346354166666667,0.21782086983355775,-0.0,0.0,0.028798600471844137,0.1697015040353035,0.5183300997214754,380.988851690961,19.51893572126721,380.988851690961,2,0.24339844497236135,0.14207669115275506,0.3346354166666667,0.14207669115275506,-0.0,0.0,0.021715356584944886,0.14736131305381642,0.4619051484249125,301.01286950639144,17.349722461941326,301.01286950639144,2,0.16543307390736434
0.17262688870832,0.3346354166666667,0.17262688870832,-0.0,0.0,0.021747748958621468,0.14747118009503235,0.4573065594386394,295.5515338079714,17.19161230972742,295.5515338079714,2,0.19536115983999566,0.10532983649838253,0.3346354166666667,0.10532983649838253,-0.0,0.0,0.019072779313405286,0.13810423351007486,0.5977623792559253,481.9058671364061,21.952354478196778,481.9058671364061,2,0.1232364983165736
0.21517752768244747,0.3346354166666667,0.21517752768244747,-0.0,0.0,0.03049954929602059,0.1746412015992234,0.47282392529726014,325.2411455211002,18.03444331054053,325.2411455211002,2,0.24741710226955516,0.1535561746238666,0.3346354166666667,0.1535561746238666,-0.0,0.0,0.02413263882040884,0.15534683395682333,0.4708683781130187,314.9034786661325,17.74551996043318,314.9034786661325,2,0.18085815966426186
0.25036994261709056,0.3346354166666667,0.25036994261709056,-0.0,0.0,0.03851986836829059,0.1962647914637024,0.5191060046623635,394.1488229873779,19.853181684238372,394.1488229873779,2,0.2850345419998782,0.18158108079774357,0.3346354166666667,0.18158108079774357,-0.0,0.0,0.03442268002220689,0.18553350107785627,0.5327154190723609,407.62342974841647,20.18968622213868,407.62342974841647,2,0.22166103168476117
0.21504273958947567,0.3346354166666667,0.21504273958947567,-0.0,0.0,0.028016180727773916,0.16738034749567798,0.461391597908681,308.2820338747415,17.557962121918976,308.2820338747415,2,0.24061694913648482,0.13796146326925446,0.3346354166666667,0.13796146326925446,-0.0,0.0,0.026833541238499493,0.16380946626645082,0.5029428125667726,358.3667987279703,18.93057840447487,358.3667987279703,2,0.17307983851179715
0.2518770748639516,0.3346354166666667,0.2518770748639516,-0.0,0.0,0.0380638065644798,0.19509947863712962,0.4898292463841666,355.72085082351117,18.860563375029685,355.72085082351117,2,0.28478463826196615,0.1362840969268989,0.3346354166666667,0.1362840969268989,-0.0,0.0,0.02367554982078856,0.15386861220141215,0.5366938394440404,399.23617086341335,19.980895146699844,399.23617086341335,2,0.1720395803043342
0.2724590358893969,0.3346354166666667,0.2724590358893969,-0.0,0.0,0.04480152719093888,0.2116637125039124,0.5093177276125271,389.1731188155795,19.727471171328055,389.1731188155795,2,0.3086354666786411,0.1358186632848338,0.3346354166666667,0.1358186632848338,-0.0,0.0,0.025296315791779805,0.15904815557490695,0.4591857842382735,302.44196943178895,17.39085878936946,302.44196943178895,2,0.17190269865643404
0.27258001194455206,0.3346354166666667,0.27258001194455206,-0.0,0.0,0.0417971694135264,0.20444356045991374,0.48536239662584724,354.84609378135644,18.83735899167812,354.84609378135644,2,0.30508086042165367,0.18313968595808303,0.3346354166666667,0.18313968595808303,-0.0,0.0,0.033605403037244574,0.1833177651981514,0.4776129746777373,335.1225770904575,18.306353462403635,335.1225770904575,2,0.23252090465946143
0.26259958834604874,0.3346354166666667,0.26259958834604874,-0.0,0.0,0.04067061265125768,0.20166956302639644,0.5000789277356643,372.0209662669724,19.28784503947946,372.0209662669724,2,0.29487527333088914,0.15809353095068351,0.3346354166666667,0.15809353095068351,-0.0,0.0,0.026585875359387827,0.16305175668905816,0.5059341584733001,361.70458754812654,19.01853273909758,361.70458754812654,2,0.20241689675516553
0.1663080804504041,0.3346354166666667,0.1663080804504041,-0.0,0.0,0.019538402465521746,0.13977983568999408,0.5083421659327609,355.78171587894013,18.862176859496895,355.78171587894013,2,0.1869241441817952,0.1213803847667256,0.3346354166666667,0.1213803847667256,-0.0,0.0,0.02203311722807048,0.14843556591353194,0.5436532920862853,406.4911668185319,20.161626095593874,406.4911668185319,2,0.15254774516163164
0.14400408076788368,0.3346354166666667,0.14400408076788368,-0.0,0.0,0.018320467199714096,0.13535312039149336,0.4563906457498559,290.1370070777449,17.033408557236715,290.1370070777449,2,0.16241744560087126,0.06717933596417505,0.3346354166666667,0.06717933596417505,-0.0,0.0,0.012155829738253705,0.1102534794836594,0.46637672789066387,293.92859132604747,17.144345753806046,293.92859132604747,2,0.08322894667387265
0.14466964714567088,0.3346354166666667,0.14466964714567088,-0.0,0.0,0.020888903468291486,0.14452993969517694,0.4295708871228414,262.9528102775645,16.215819753486546,262.9528102775645,2,0.16332811222364163,0.07321314883071713,0.3346354166666667,0.07321314883071713,-0.0,0.0,0.015403704658014416,0.12411166205483841,0.6376176251535705,540.1401459140446,23.24091534157045,540.1401459140446,2,0.0903672114222479
0.2559107714216577,0.3346354166666667,0.2559107714216577,-0.0,0.0,0.038693618099226834,0.19670693454788735,0.5184018051444415,393.4719532777416,19.83612747684743,393.4719532777416,2,0.2853549294778981,0.16506539159269845,0.3346354166666667,0.16506539159269845,-0.0,0.0,0.030244131671121458,0.17390840023162038,0.477742474176535,331.01269155178227,18.19375419070463,331.01269155178227,2,0.20840245164454976
0.228158393931587,0.3346354166666667,0.228158393931587,-0.0,0.0,0.030991486291213666,0.17604398964808105,0.49307852145024295,350.77477548516697,18.72898223303036,350.77477548516697,2,0.25418172457920835,0.15509246207243485,0.3346354166666667,0.15509246207243485,-0.0,0.0,0.02607145065934052,0.16146656204719453,0.5179254244679283,376.65259465594715,19.407539634274798,376.65259465594715,2,0.19477774836867354
0.2418416554033061,0.3346354166666667,0.2418416554033061,-0.0,0.0,0.03507462582521672,0.18728220904617907,0.541479929662864,420.0575264185935,20.495304984766474,420.0575264185935,2,0.271731838177868,0.14053940205714616,0.3346354166666667,0.14053940205714616,-0.0,0.0,0.023837921170046402,0.15439534050626788,0.46927235751209784,312.537194063063,17.67872150533129,312.537194063063,2,0.17543725034587465
0.2363076451608806,0.3346354166666667,0.2363076451608806,-0.0,0.0,0.03323289690724514,0.1822989218488281,0.4462104005353256,297.1387399077995,17.2377127226265,297.1387399077995,2,0.2626829704767672,0.1520153128287124,0.3346354166666667,0.1520153128287124,-0.0,0.0,0.02664618427238505,0.16323658986999529,0.5300417489326973,393.956199261875,19.848329885959547,393.956199261875,2,0.18796211689910847
0.175395373767538,0.3346354166666667,0.175395373767538,-0.0,0.0,0.020057291093712785,0.1416237659918447,0.4957098524100839,340.1802247143894,18.443975295862586,340.1802247143894,2,0.19688414652900796,0.12093668098321542,0.3346354166666667,0.12093668098321542,-0.0,0.0,0.01929627552083195,0.13891103455388973,0.49392206235933533,337.14559867986804,18.361524955184635,337.14559867986804,2,0.1438026899527164
0.24632567729712523,0.3346354166666667,0.24632567729712523,-0.0,0.0,0.036866478084322814,0.19200645323614207,0.5017290169587338,369.51944898038613,19.222888674192184,369.51944898038613,2,0.2746928122164168,0.16983951132105823,0.3346354166666667,0.16983951132105823,-0.0,0.0,0.02681356582959732,0.1637484834421294,0.5339109519890021,399.44842157907897,19.98620578246604,399.44842157907897,2,0.19987054079499234
0.22916740168511307,0.3346354166666667,0.22916740168511307,-0.0,0.0,0.03137734588553669,0.17713651765103852,0.48804018613030536,345.3015331719193,18.58229084832974,345.3015331719193,2,0.25592888779390127,0.1716219224900001,0.3346354166666667,0.1716219224900001,-0.0,0.0,0.02904227204219518,0.17041793345242506,0.4941432313626154,349.78177171655653,18.702453628242377,349.78177171655653,2,0.21126609591749743
0.2054032550283428,0.3346354166666667,0.2054032550283428,-0.0,0.0,0.027217850634607924,0.16497833383389446,0.49292651576094915,345.94895711941444,18.599703146002476,345.94895711941444,2,0.23063612876219963,0.13199822399854874,0.3346354166666667,0.13199822399854874,-0.0,0.0,0.02218216404449835,0.1489367786830988,0.5332467453137427,392.4577097920999,19.810545418844477,392.4577097920999,2,0.1672852988147977
0.2577283131935583,0.3346354166666667,0.2577283131935583,-0.0,0.0,0.03945618137592335,0.19863580084144788,0.4967682760315885,366.1627830025179,19.135380398688653,366.1627830025179,2,0.2880251086433073,0.11835736509226294,0.3346354166666667,0.11835736509226294,-0.0,0.0,0.019981379155570425,0.14135550627962967,0.44280954095977915,276.4297291313031,16.626176022504485,276.4297291313031,2,0.14698182405756893
0.23671617054462585,0.3346354166666667,0.23671617054462585,-0.0,0.0,0.03539622202557043,0.1881388371006115,0.48082316735753905,340.85451323508846,18.462245617342667,340.85451323508846,2,0.2676478466394922,0.1442529066354831,0.3346354166666667,0.1442529066354831,-0.0,0.0,0.024574675712467416,0.1567631197459001,0.45218772145003644,293.10770790052277,17.120388660907285,293.10770790052277,2,0.17125308474244463
0.22623982724382588,0.3346354166666667,0.22623982724382588,-0.0,0.0,0.031017699652004963,0.17611842507814157,0.5230564224698151,389.8835548292981,19.745469222819146,389.8835548292981,2,0.25279249936267495,0.16854955175003267,0.3346354166666667,0.16854955175003267,-0.0,0.0,0.02760290879255361,0.16614123146453927,0.5237882516182865,386.4152340470481,19.657447292236295,386.4152340470481,2,0.20091416280295227
0.22654763183033272,0.3346354166666667,0.22654763183033272,-0.0,0.0,0.03239492105776486,0.17998589127419087,0.5024198492624175,364.5761655135068,19.09387769714436,364.5761655135068,2,0.25521978855113214,0.1331724218568681,0.3346354166666667,0.1331724218568681,-0.0,0.0,0.023856639340246948,0.15445594627675216,0.48293671630494683,329.14585919393545,18.142377440510256,329.14585919393545,2,0.1667812910579448
0.18080353288240372,0.3346354166666667,0.18080353288240372,-0.0,0.0,0.0206740008275174,0.1437845639403528,0.5659456726873469,436.60195952129106,20.895022362306555,436.60195952129106,2,0.20503888635157935,0.10020280536640566,0.3346354166666667,0.10020280536640566,-0.0,0.0,0.01391001482822063,0.1179407259101818,0.39578552615144785,218.30205936468852,14.775048540180453,218.30205936468852,2,0.12288213811044175
0.23027880315568933,0.3346354166666667,0.23027880315568933,-0.0,0.0,0.03335966375587914,0.18264628043264156,0.5003855167247904,363.0669643130346,19.054316159679797,363.0669643130346,2,0.25890919681951685,0.12811650269436178,0.3346354166666667,0.12811650269436178,-0.0,0.0,0.02201745833706542,0.1483828101131173,0.4557255643646504,293.81473184311994,17.141024818928415,293.81473184311994,2,0.15602655044440375
0.24309698874613428,0.3346354166666667,0.24309698874613428,-0.0,0.0,0.03533742466217899,0.18798251158599566,0.48242671147110755,342.99730068421053,18.52018630263234,342.99730068421053,2,0.27437681134147235,0.14594572142275894,0.3346354166666667,0.14594572142275894,-0.0,0.0,0.027341431971934282,0.1653524477349346,0.49579676118584565,349.66158533948783,18.699240234284595,349.66158533948783,2,0.18513334023523392
0.2598646599812467,0.3346354166666667,0.2598646599812467,-0.0,0.0,0.04027193843964443,0.20067869453343679,0.4999090316914575,371.70524258887065,19.27965877781219,371.70524258887065,2,0.29321130632032577,0.1650978903702659,0.3346354166666667,0.1650978903702659,-0.0,0.0,0.0281051797823181,0.16764599542583206,0.5286868332047808,393.8478836482947,19.845601115821477,393.8478836482947,2,0.1961335675306667
0.2565925532030538,0.3346354166666667,0.2565925532030538,-0.0,0.0,0.03844226080290669,0.19606698039931836,0.5181374037622751,392.96945216002194,19.823457119282246,392.96945216002194,2,0.2885863194712399,0.14940224531370444,0.3346354166666667,0.14940224531370444,-0.0,0.0,0.025529267130513508,0.15977880688787705,0.48997030773712447,339.9409887749083,18.437488678638104,339.9409887749083,2,0.1895922191698145
0.26375005677908875,0.3346354166666667,0.26375005677908875,-0.0,0.0,0.04077855730109574,0.20193701320237392,0.5134977074371889,389.4416596026708,19.734276262449324,389.4416596026708,2,0.29724587985846124,0.15755747280069082,0.3346354166666667,0.15755747280069082,-0.0,0.0,0.02895287168400491,0.17015543389502702,0.536042915284102,405.1170975178657,20.127520898458055,405.1170975178657,2,0.19782794792340624
0.2196285756855935,0.3346354166666667,0.2196285756855935,-0.0,0.0,0.029766059507163763,0.1725284310111344,0.41621411481812626,259.78648639471965,16.117893360942666,259.78648639471965,2,0.24814165580376618,0.16061739298220581,0.3346354166666667,0.16061739298220581,-0.0,0.0,0.027447566600472904,0.16567307144033064,0.504546181862967,361.1949634594704,19.005129924824782,361.1949634594704,2,0.18851663858872156
0.2713740715791055,0.3346354166666667,0.2713740715791055,-0.0,0.0,0.04376779889417472,0.20920754980204398,0.5023983870765171,379.3742260246384,19.477531312377305,379.3742260246384,2,0.30570034107910776,0.17797671910819013,0.3346354166666667,0.17797671910819013,-0.0,0.0,0.03024260027377415,0.1739039972909598,0.49046091200981334,346.7902273533512,18.622304566120466,346.7902273533512,2,0.21788403884490692
0.24167580396600336,0.3346354166666667,0.24167580396600336,-0.0,0.0,0.03476495768354061,0.1864536341387333,0.4627026228122675,318.7356341370812,17.85316874218919,318.7356341370812,2,0.27262276032747496,0.13518540315265698,0.3346354166666667,0.13518540315265698,-0.0,0.0,0.021322693541430595,0.1460229212878259,0.5482430327376999,412.1171243459345,20.300668076345037,412.1171243459345,2,0.17381744463983817
0.2498925089562846,0.3346354166666667,0.2498925089562846,-0.0,0.0,0.03723171019540408,0.1929552025611232,0.5033131908363686,371.7031518792884,19.279604557129495,371.7031518792884,2,0.27935924408901225,0.13615296534233595,0.3346354166666667,0.13615296534233595,-0.0,0.0,0.02284241712008659,0.15113708055962505,0.513096074548413,366.16368975156246,19.135404091671607,366.16368975156246,2,0.1704701614702773
0.22852862030436644,0.3346354166666667,0.22852862030436644,-0.0,0.0,0.030922894187394797,0.17584906649565926,0.46932951647037224,321.0658083923126,17.918309306190487,321.0658083923126,2,0.2571313543510717,0.17718787009256548,0.3346354166666667,0.17718787009256548,-0.0,0.0,0.03249689228173853,0.18026894430749443,0.47147226626102945,326.1343968877892,18.059191479348936,326.1343968877892,2,0.21717612031917322
0.23117164828774334,0.3346354166666667,0.23117164828774334,-0.0,0.0,0.032245640775745044,0.17957071246655187,0.4743873479055301,329.1130085418495,18.141472061049775,329.1130085418495,2,0.2631908691093358,0.19214285696450356,0.3346354166666667,0.19214285696450356,-0.0,0.0,0.03221921642732628,0.17949712094439366,0.5237273992991089,392.43296887984957,19.80992097106522,392.43296887984957,2,0.22539050883241504
0.25930924143199163,0.3346354166666667,0.25930924143199163,-0.0,0.0,0.039498575969119265,0.19874248657274887,0.49980214303555787,370.1858318011633,19.240213922957388,370.1858318011633,2,0.2903020951305009,0.18453506593523072,0.3346354166666667,0.18453506593523072,-0.0,0.0,0.029772165639055312,0.1725461261201054,0.508482845604959,369.02841910005077,19.21011241768384,369.02841910005077,2,0.21778951147272552
0.17344147837275256,0.3346354166666667,0.17344147837275256,-0.0,0.0,0.020224352507275715,0.14221235005187038,0.5886026386898581,469.2938709101545,21.66319161412174,469.2938709101545,2,0.19639755986814644,0.09745699337975293,0.3346354166666667,0.09745699337975293,-0.0,0.0,0.014814805880213607,0.1217160871874117,0.371195243607198,195.3389077984647,13.976369621559982,195.3389077984647,2,0.12135771750035636
0.26422694320465206,0.3346354166666667,0.26422694320465206,-0.0,0.0,0.04054709052681996,0.2013630813401999,0.5057540308368728,379.34551384728644,19.476794239486292,379.34551384728644,2,0.29628142514618266,0.16379235245380072,0.3346354166666667,0.16379235245380072,-0.0,0.0,0.02828294839896612,0.16817535015264906,0.4988170044628466,354.8075249260392,18.836335230772445,354.8075249260392,2,0.21079886463595585
0.27455117280049884,0.3346354166666667,0.27455117280049884,-0.0,0.0,0.04274584810439636,0.20675069069871657,0.5133809355009796,392.17367619348903,19.803375373745986,392.17367619348903,2,0.3069578735718291,0.1742478954338324,0.3346354166666667,0.1742478954338324,-0.0,0.0,0.031774609582680524,0.1782543395900378,0.5036277319850672,365.36586745397597,19.114545965153763,365.36586745397597,2,0.22362913232342002
0.25521924836132415,0.3346354166666667,0.25521924836132415,-0.0,0.0,0.037573047376072484,0.1938376830651679,0.5069795388239263,377.24143798195564,19.422704188190572,377.24143798195564,2,0.2847242275496469,0.14831886241096834,0.3346354166666667,0.14831886241096834,-0.0,0.0,0.024464415597214552,0.15641104691553775,0.44023133353996663,279.2765072954072,16.711568068119977,279.2765072954072,2,0.18949744376224611
0.24607510295051616,0.3346354166666667,0.24607510295051616,-0.0,0.0,0.03529948084693286,0.18788156068899592,0.5418475637860305,421.102071434678,20.520771706606894,421.102071434678,2,0.2746458191613887,0.13952298956650636,0.3346354166666667,0.13952298956650636,-0.0,0.0,0.022864043434971327,0.1512086089975413,0.5211659613421389,376.8173366068318,19.411783447350526,376.8173366068318,2,0.1779512618419664
0.26696442990620156,0.3346354166666667,0.26696442990620156,-0.0,0.0,0.041333458542872806,0.203306317026483,0.5070813131870939,382.0897476389486,19.54711609519288,382.0897476389486,2,0.2983891321492777,0.17078560187540853,0.3346354166666667,0.17078560187540853,-0.0,0.0,0.030666553444148727,0.17511868388081475,0.5185543399052764,383.47627389916727,19.582550239924505,383.47627389916727,2,0.21626736675588845
0.19318519275956403,0.3346354166666667,0.19318519275956403,-0.0,0.0,0.024366754545840467,0.15609854113937283,0.44446223132618445,284.17574989035825,16.857513158540268,284.17574989035825,2,0.2171759475759721,0.11997734759911945,0.3346354166666667,0.11997734759911945,-0.0,0.0,0.017605954714606718,0.13268743239134112,0.5009340907886757,343.6301499385723,18.53726382016969,343.6301499385723,2,0.14907213968263971
0.24240341051228365,0.3346354166666667,0.24240341051228365,-0.0,0.0,0.03608686367037963,0.18996542756612222,0.48040171328447906,341.7386809165766,18.486175399919166,341.7386809165766,2,0.2721546053944827,0.16702171915269504,0.3346354166666667,0.16702171915269504,-0.0,0.0,0.02619860786689063,0.1618598401917246,0.452829306743466,295.4926270674149,17.189898983630325,295.4926270674149,2,0.19953594399332955
0.17768742570034854,0.3346354166666667,0.17768742570034854,-0.0,0.0,0.023027415493320276,0.15174786816730004,0.4667691843515187,308.39960330478357,17.561309840236394,308.39960330478357,2,0.20171281675090683,0.10918321816139245,0.3346354166666667,0.10918321816139245,-0.0,0.0,0.01618425399949821,0.1272173494437697,0.4755223910496641,310.06411363044134,17.608637472287324,310.06411363044134,2,0.12783411560709124
0.2254627399830337,0.3346354166666667,0.2254627399830337,-0.0,0.0,0.03061429804921414,0.17496942032599336,0.44097923138464507,287.79486295407185,16.9645177636758,287.79486295407185,2,0.253217293125066,0.13405108844651822,0.3346354166666667,0.13405108844651822,-0.0,0.0,0.02357196121788492,0.15353162937285894,0.5666136007635302,440.9996614575347,20.999991939463566,440.9996614575347,2,0.1675101173425756
0.2219110322319194,0.3346354166666667,0.2219110322319194,-0.0,0.0,0.02967058011428303,0.17225150250225113,0.45406974150912127,301.6823886406141,17.369006553070733,301.6823886406141,2,0.25041608584679237,0.15382597564804676,0.3346354166666667,0.15382597564804676,-0.0,0.0,0.026610223469039015,0.16312640334733985,0.516381542651965,375.2414231534048,19.371149247099535,375.2414231534048,2,0.1948355157747361
0.2656879730420685,0.3346354166666667,0.2656879730420685,-0.0,0.0,0.04078693737528134,0.20195776136430446,0.49420508649005024,364.9842508135528,19.104560995049134,364.9842508135528,2,0.2979645963159034,0.1821016343322051,0.3346354166666667,0.1821016343322051,-0.0,0.0,0.03165519117075528,0.17791905791891793,0.5064936720966844,368.8598447605764,19.2057242706589,368.8598447605764,2,0.2262486660871308
0.23210138531834068,0.3346354166666667,0.23210138531834068,-0.0,0.0,0.03225425988256024,0.17959471006285302,0.4811843829210777,337.91670490070635,18.382510843209268,337.91670490070635,2,0.26218939923975876,0.2024605431693026,0.3346354166666667,0.2024605431693026,-0.0,0.0,0.033060072015589394,0.18182428884939822,0.512763149944931,379.06201756103786,19.469515082842662,379.06201756103786,2,0.23533884642590056
0.19071609269380252,0.3346354166666667,0.19071609269380252,-0.0,0.0,0.024229257898605028,0.15565750190275132,0.5493453816421651,417.3552280759832,20.429273801973068,417.3552280759832,2,0.21616120165052868,0.08637092289628497,0.3346354166666667,0.08637092289628497,-0.0,0.0,0.013543456930000352,0.11637635898239965,0.5294666716250517,376.3244054998566,19.399082594284106,376.3244054998566,2,0.10491918099096824
0.19266085664083765,0.3346354166666667,0.19266085664083765,-0.0,0.0,0.024651078458348935,0.15700661915457237,0.5538070833652435,423.9836372294786,20.590862954948697,423.9836372294786,2,0.21562900650217767,0.11863881807892149,0.3346354166666667,0.11863881807892149,-0.0,0.0,0.019612722598107736,0.14004543047921178,0.5044249464385171,350.92359250607376,18.732954719052564,350.92359250607376,2,0.14772177075113196
0.175582545562906,0.3346354166666667,0.175582545562906,-0.0,0.0,0.021893440480283157,0.147964321646413,0.5938565155600776,479.33746096337575,21.893776763349347,479.33746096337575,2,0.19930837762531,0.07128250443165055,0.3346354166666667,0.07128250443165055,-0.0,0.0,0.009058550784854139,0.09517641926892469,0.36539969512705717,182.5517709647023,13.51117207960517,182.5517709647023,2,0.08952268542410387
0.262407049521601,0.3346354166666667,0.262407049521601,-0.0,0.0,0.0417218922994624,0.20425937505892452,0.4904078706739971,361.2190142903192,19.00576266005443,361.2190142903192,2,0.2968609585027451,0.15892548813221935,0.3346354166666667,0.15892548813221935,-0.0,0.0,0.0298795237979379,0.17285694605059382,0.4851938553724128,339.75404276643917,18.432418256062853,339.75404276643917,2,0.20621220806248342
0.2550285074072514,0.3346354166666667,0.2550285074072514,-0.0,0.0,0.03867722059392631,0.19666525009245103,0.516154566948423,390.62691452864544,19.764283810162347,390.62691452864544,2,0.2879194579913017,0.19977625583196107,0.3346354166666667,0.19977625583196107,-0.0,0.0,0.03639941092867387,0.19078629649079587,0.524080303027024,398.0535000217633,19.951278155089796,398.0535000217633,2,0.24486421107530626
0.23730947736942215,0.3346354166666667,0.23730947736942215,-0.0,0.0,0.034434954389484775,0.18556657670357768,0.4830572878974073,342.83058199533275,18.515684756317622,342.83058199533275,2,0.2700826968186551,0.19186847287679132,0.3346354166666667,0.19186847287679132,-0.0,0.0,0.03132020646910879,0.17697515777393388,0.47809905566405825,332.83076940258496,18.243650111822056,332.83076940258496,2,0.2244836848448026
0.252982544747555,0.3346354166666667,0.252982544747555,-0.0,0.0,0.03790383776410583,0.19468907972484187,0.48243935371176483,346.65728445630964,18.618734770555964,346.65728445630964,2,0.2864416530650438,0.14512661004273017,0.3346354166666667,0.14512661004273017,-0.0,0.0,0.024233180081673668,0.1556701001530919,0.4615953426500083,303.8299079697198,17.430717368189978,303.8299079697198,2,0.17932618550119545
0.26767213311429405,0.3346354166666667,0.26767213311429405,-0.0,0.0,0.04201385190417133,0.20497280771890533,0.490092678485502,361.43841484314555,19.011533732004516,361.43841484314555,2,0.30460192793156793,0.17058695301930124,0.3346354166666667,0.17058695301930124,-0.0,0.0,0.03210583270474837,0.17918100542398005,0.5449075732154894,421.1935402450991,20.523000273963333,421.1935402450991,2,0.21809212555486343
0.19363029749176291,0.3346354166666667,0.19363029749176291,-0.0,0.0,0.0227310746683304,0.15076828137353823,0.4382333221948504,274.94746558679725,16.58153990396541,274.94746558679725,2,0.21799634156968137,0.14889662319088032,0.3346354166666667,0.14889662319088032,-0.0,0.0,0.02460764563628495,0.15686824291833243,0.52344701370541,382.14125377698036,19.54843353767714,382.14125377698036,2,0.19289818918554702
0.24805744090571116,0.3346354166666667,0.24805744090571116,-0.0,0.0,0.03744073872274168,0.1934960948513992,0.5312064221714101,408.95250488081206,20.2225741408163,408.95250488081206,2,0.2788813730933723,0.16139136882159769,0.3346354166666667,0.16139136882159769,-0.0,0.0,0.025763280877144544,0.16050944170716108,0.5127110629620896,369.46606883864183,19.221500171387294,369.46606883864183,2,0.19841068703865788
0.2458960467327141,0.3346354166666667,0.2458960467327141,-0.0,0.0,0.0364267464180274,0.19085792207301064,0.5294822962522561,404.88432113530007,20.12173752774099,404.88432113530007,2,0.2789254434530899,0.18019525074962733,0.3346354166666667,0.18019525074962733,-0.0,0.0,0.027891214874349687,0.16700663122867213,0.49970054510201156,355.2295315144014,18.84753383109847,355.2295315144014,2,0.21005868424813173
0.2569475810138861,0.3346354166666667,0.2569475810138861,-0.0,0.0,0.038216750580542795,0.19549104987324303,0.5471116775117223,432.15049111863505,20.78822962925499,432.15049111863505,2,0.2900916621822873,0.17220385439692945,0.3346354166666667,0.17220385439692945,-0.0,0.0,0.029749275170886037,0.17247978191917462,0.5060050346518102,365.4546995246487,19.116869501166992,365.4546995246487,2,0.21359128144562334
0.2603055354764218,0.3346354166666667,0.2603055354764218,-0.0,0.0,0.039973548160324286,0.19993385946438458,0.5134504463290096,388.81757579444957,19.718457743810735,388.81757579444957,2,0.29487825125546824,0.16146472967116748,0.3346354166666667,0.16146472967116748,-0.0,0.0,0.030175196955087354,0.17371009456875947,0.47579954794419793,328.10181603723777,18.113580983263297,328.10181603723777,2,0.207853898372151
0.2634442162725933,0.3346354166666667,0.2634442162725933,-0.0,0.0,0.041280910112278475,0.20317704130210795,0.5309916257768859,413.7746732803801,20.341452093702163,413.7746732803801,2,0.29662442380278287,0.16893376912671526,0.3346354166666667,0.16893376912671526,-0.0,0.0,0.02785352220270419,0.16689374524740042,0.4715806077490049,320.200193606865,17.894138526536143,320.200193606865,2,0.20654007255006665
0.23656380659338216,0.3346354166666667,0.23656380659338216,-0.0,0.0,0.03374494661568934,0.1836979766238304,0.5242665400793476,395.0040075888496,19.87470773593538,395.0040075888496,2,0.2679617899669788,0.2028801531082504,0.3346354166666667,0.2028801531082504,-0.0,0.0,0.03473492915361667,0.18637309128094826,0.48690241113582783,347.9125753187098,18.652414731575902,347.9125753187098,2,0.23569821571432856
0.2753498289300482,0.3346354166666667,0.2753498289300482,-0.0,0.0,0.04481866433414996,0.2117041906390848,0.5000494899310386,377.1282031361224,19.419788957043853,377.1282031361224,2,0.31438606757387366,0.17203514860174168,0.3346354166666667,0.17203514860174168,-0.0,0.0,0.02921000767473372,0.17090935514106217,0.4795155754525075,331.6675067883138,18.211740904930362,331.6675067883138,2,0.20473401147415418
0.26166583434959967,0.3346354166666667,0.26166583434959967,-0.0,0.0,0.03988086675505371,0.19970194479537176,0.5192661019708547,395.7652161395134,19.893848701031015,395.7652161395134,2,0.29609214652983606,0.16661468689523823,0.3346354166666667,0.16661468689523823,-0.0,0.0,0.029416988228083637,0.17151381351973852,0.5659513958266483,447.53370239043346,21.154992375097503,447.53370239043346,2,0.20572316133842455
0.28092114884468067,0.3346354166666667,0.28092114884468067,-0.0,0.0,0.04603104256116193,0.21454846203401676,0.5051782419647805,385.1068904018439,19.624140500970835,385.1068904018439,2,0.3159102161219294,0.1755336382486299,0.3346354166666667,0.1755336382486299,-0.0,0.0,0.03273621207007028,0.1809315120980043,0.5032446463091672,366.0132797937074,19.13147353952924,366.0132797937074,2,0.22223860748421237
0.25011286034957403,0.3346354166666667,0.25011286034957403,-0.0,0.0,0.03792908223056297,0.19475390170818907,0.48820040505565954,353.5212553495875,18.80216092234048,353.5212553495875,2,0.28301549640596974,0.115014908643019,0.3346354166666667,0.115014908643019,-0.0,0.0,0.018006296539684868,0.13418754241614558,0.5550825580992906,417.43016202663085,20.431107704347085,417.43016202663085,2,0.14597109845886427
0.22444880236008746,0.3346354166666667,0.22444880236008746,-0.0,0.0,0.031388276404441896,0.1771673683397761,0.5345080842421505,405.97263867464164,20.14876270828166,405.97263867464164,2,0.2521602558475436,0.13573453336054267,0.3346354166666667,0.13573453336054267,-0.0,0.0,0.023393803756141147,0.15295033101023728,0.4721851780748686,315.4776615716447,17.761690842136755,315.4776615716447,2,0.17219614231238514
0.14332558087006814,0.3346354166666667,0.14332558087006814,-0.0,0.0,0.016353055954662476,0.12787906769546953,0.45380445606750647,284.6282513719221,16.870929179269353,284.6282513719221,2,0.16356891649180835,0.10128682595026939,0.3346354166666667,0.10128682595026939,-0.0,0.0,0.021468759884245164,0.14652221635044005,0.549885819755915,414.64323931720855,20.362790558202196,414.64323931720855,2,0.1248098935448382
0.19121141800401867,0.3346354166666667,0.19121141800401867,-0.0,0.0,0.02929533218865924,0.17115879232063785,0.5462116575169612,419.65370851501956,20.48545114257969,419.65370851501956,2,0.21728221666669517,0.10266726802316475,0.3346354166666667,0.10266726802316475,-0.0,0.0,0.02517533185210113,0.15866736227750536,0.4969873464495974,348.5357588375588,18.669112427685434,348.5357588375588,2,0.1349777083225933
0.21897869884779278,0.3346354166666667,0.21897869884779278,-0.0,0.0,0.029799497883180415,0.17262531066787518,0.5464822123012152,420.717569096847,20.51140095402669,420.717569096847,2,0.24730812513388128,0.17941729390018135,0.3346354166666667,0.17941729390018135,-0.0,0.0,0.028959698784870595,0.17017549407852647,0.4665593471982582,315.69730976028507,17.76787296668583,315.69730976028507,2,0.20894932107914707
0.18374174463209894,0.3346354166666667,0.18374174463209894,-0.0,0.0,0.023365279241034726,0.15285705492725785,0.5284636269051761,387.46346965620893,19.684091791500286,387.46346965620893,2,0.21188107648041185,0.12482095329404677,0.3346354166666667,0.12482095329404677,-0.0,0.0,0.01787362527749276,0.1336922783016759,0.4835492828506213,322.27059672327664,17.951896744446717,322.27059672327664,2,0.14904244117815896
0.16937451473552861,0.3346354166666667,0.16937451473552861,-0.0,0.0,0.019143830892322657,0.13836123334345737,0.5609437459237661,427.202926865653,20.668887896199276,427.202926865653,2,0.1936478786901873,0.15287212978446565,0.3346354166666667,0.15287212978446565,-0.0,0.0,0.026313721168523988,0.16221504606085094,0.49942865463302066,353.16185111590084,18.792600967292973,353.16185111590084,2,0.18909302265583366
0.26246246091631703,0.3346354166666667,0.26246246091631703,-0.0,0.0,0.039892993503033145,0.1997323046055223,0.4885336795427991,356.45742574620436,18.880080130820534,356.45742574620436,2,0.29628595356134846,0.18388487435614595,0.3346354166666667,0.18388487435614595,-0.0,0.0,0.034791275410979004,0.18652419524281294,0.5295656174463793,403.774042575826,20.094129555067223,403.774042575826,2,0.22742035039406935
0.2710668610842258,0.3346354166666667,0.2710668610842258,-0.0,0.0,0.04214839805449876,0.20530075025313171,0.502904502486638,377.6016783457874,19.431975667589423,377.6016783457874,2,0.3040778400551212,0.16042170461669186,0.3346354166666667,0.16042170461669186,-0.0,0.0,0.028375388182838,0.16844995750322408,0.4902575364371606,344.2044755144248,18.552748462543892,344.2044755144248,2,0.2030024587738455
0.14729747426636425,0.3346354166666667,0.14729747426636425,-0.0,0.0,0.015893248395067776,0.12606842743156502,0.5793773649738334,449.8823846617631,21.210431034322784,449.8823846617631,2,0.16868003548390467,0.13104552559780808,0.3346354166666667,0.13104552559780808,-0.0,0.0,0.026610910295722916,0.1631285085315345,0.4769612027351243,325.48785377751545,18.041281932765074,325.48785377751545,2,0.16742682077199078
0.10730615800116258,0.3346354166666667,0.10730615800116258,-0.0,0.0,0.020775685294216424,0.14413773029368968,0.46965520118815585,308.82000614043096,17.57327533900357,308.82000614043096,2,0.13839787124368355,0.10730615800116254,0.3346354166666667,0.10730615800116254,-0.0,0.0,0.02077568529421637,0.14413773029368948,0.5303447988118436,386.7491512870289,19.66593886106201,386.7491512870289,2,0.13839787124368347
0.15703013079788414,0.3346354166666667,0.15703013079788414,-0.0,0.0,0.018625895622767764,0.13647672190805202,0.566328990680167,434.39317938006354,20.842101126807336,434.39317938006354,2,0.17595692944641175,0.10058459544510341,0.3346354166666667,0.10058459544510341,-0.0,0.0,0.020162528134398783,0.14199481728006408,0.4981531479695924,343.68623422518357,18.538776502919053,343.68623422518357,2,0.13371267505375992
0.19441225247192778,0.3346354166666667,0.19441225247192778,-0.0,0.0,0.027617246610629965,0.16618437535048222,0.4960393844495507,350.3794416875689,18.718425192509354,350.3794416875689,2,0.22130330579113808,0.11701838966962053,0.3346354166666667,0.11701838966962053,-0.0,0.0,0.021408922535982887,0.14631788180527658,0.4150654581381083,247.9242409054916,15.745610210642571,247.9242409054916,2,0.13967836549675774
0.19837167145136464,0.3346354166666667,0.19837167145136464,-0.0,0.0,0.025915323411430508,0.16098236987766862,0.47713094645229587,324.7899967612936,18.02193099424403,324.7899967612936,2,0.2246830575016982,0.1256662114014103,0.3346354166666667,0.1256662114014103,-0.0,0.0,0.02292321708969395,0.1514041514942505,0.430916619633026,267.11123741873405,16.34353809365445,267.11123741873405,2,0.15814723626387733
0.19241828220678556,0.3346354166666667,0.19241828220678556,-0.0,0.0,0.023633540132863135,0.15373204003350485,0.4824318368852365,328.24452441820864,18.11751981972722,328.24452441820864,2,0.2184298762538808,0.14066512873007203,0.3346354166666667,0.14066512873007203,-0.0,0.0,0.025204695514057494,0.1587598674541444,0.47048939111948684,315.5202432484954,17.762889496039076,315.5202432484954,2,0.18221038556081895
0.24936437659079774,0.3346354166666667,0.24936437659079774,-0.0,0.0,0.037398368294502084,0.19338657733798922,0.5037263078649548,372.3192933966923,19.295577042335175,372.3192933966923,2,0.28207157176781117,0.18446697993839684,0.3346354166666667,0.18446697993839684,-0.0,0.0,0.03003568128702682,0.1733080531511067,0.5262616345136224,392.91122926163393,19.821988529449662,392.91122926163393,2,0.21856399934628656
0.25050611861509686,0.3346354166666667,0.25050611861509686,-0.0,0.0,0.036853057533318835,0.1919715018780622,0.5172612268733138,389.68126320370214,19.740346076087473,389.68126320370214,2,0.2820252090854524,0.15750061081322042,0.3346354166666667,0.15750061081322042,-0.0,0.0,0.029587659683373818,0.17201063828546714,0.4850543489025388,338.5255059097591,18.399062636714923,338.5255059097591,2,0.19592268495057688
0.2634069323787743,0.3346354166666667,0.2634069323787743,-0.0,0.0,0.04038599079769966,0.2009626602075611,0.5179905897364103,395.3598278040331,19.883657304531102,395.3598278040331,2,0.29706418676667107,0.16019488269230622,0.3346354166666667,0.16019488269230622,-0.0,0.0,0.02931946021070203,0.17122926213326398,0.5351920912807627,403.9837845493015,20.09934786378159,403.9837845493015,2,0.20531301049250178
0.17598464345738146,0.3346354166666667,0.17598464345738146,-0.0,0.0,0.025632637413096827,0.16010195942928626,0.5676086056812899,445.23128369588557,21.100504346955443,445.23128369588557,2,0.20477513182189466,0.0837864869874498,0.3346354166666667,0.0837864869874498,-0.0,0.0,0.010513882994249534,0.10253722735791881,0.697304790496759,635.9066747546711,25.217190064610115,635.9066747546711,2,0.10250193486450195
0.25323860759151995,0.3346354166666667,0.25323860759151995,-0.0,0.0,0.03879792726066048,0.19697189459580391,0.5196175634293055,395.33030220704967,19.8829148317607,395.33030220704967,2,0.28432015537633665,0.19705019438457488,0.3346354166666667,0.19705019438457488,-0.0,0.0,0.03281320027278482,0.1811441422535789,0.5320446386957547,404.2063851905631,20.10488461022751,404.2063851905631,2,0.22835441321644906
0.20869456264000616,0.3346354166666667,0.20869456264000616,-0.0,0.0,0.029120336191519557,0.17064681711511515,0.40256106614517806,244.57808739153705,15.638992531219428,244.57808739153705,2,0.23678757612592183,0.12723983756453192,0.3346354166666667,0.12723983756453192,-0.0,0.0,0.021068389103729837,0.14514954048749115,0.47158866652572795,311.56288134175156,17.65114391028954,311.56288134175156,2,0.1573498414307597
0.22032531211446846,0.3346354166666667,0.22032531211446846,-0.0,0.0,0.029076097057024856,0.17051714593267403,0.4704106770230133,320.38309489351747,17.899248444935264,320.38309489351747,2,0.24853358721806748,0.17273557947230908,0.3346354166666667,0.17273557947230908,-0.0,0.0,0.03187518411230459,0.17853622633041338,0.5106067846602107,374.3204102212488,19.347361841379016,374.3204102212488,2,0.21491224745641602
0.272341648863745,0.3346354166666667,0.272341648863745,-0.0,0.0,0.04229430381617371,0.20565578964904857,0.5185454705099986,398.17705211613713,19.954374260200122,398.17705211613713,2,0.3051210163903672,0.17164148058397766,0.3346354166666667,0.17164148058397766,-0.0,0.0,0.030567055627583807,0.1748343662658569,0.5547852113263334,432.96273035324026,20.807756494952557,432.96273035324026,2,0.2190700213546321
0.28248032454823147,0.3346354166666667,0.28248032454823147,-0.0,0.0,0.04646405542567279,0.21555522592985954,0.5261698822479304,414.02246930481425,20.347542094926705,414.02246930481425,2,0.3167303373279728,0.1644070144459297,0.3346354166666667,0.1644070144459297,-0.0,0.0,0.026940995191694295,0.16413712313701095,0.4886483254725861,340.1932536562784,18.444328495672547,340.1932536562784,2,0.20779731799984488
0.2526032054659975,0.3346354166666667,0.2526032054659975,-0.0,0.0,0.03809094297185032,0.19516901130007888,0.48818717494688696,354.0728720904903,18.816824176531235,354.0728720904903,2,0.282951008099662,0.1705378828108833,0.3346354166666667,0.1705378828108833,-0.0,0.0,0.027667149926993248,0.1663344520145879,0.49131779528631003,344.53139355835617,18.561556873235503,344.53139355835617,2,0.20573512501636645
0.25988892019141707,0.3346354166666667,0.25988892019141707,-0.0,0.0,0.040253268894777955,0.20063217312977985,0.49933226154389065,370.9329939504697,19.259620815334596,370.9329939504697,2,0.2936193608553738,0.1939314655292355,0.3346354166666667,0.1939314655292355,-0.0,0.0,0.0326184839589507,0.180605880189297,0.5081569199958909,372.4830477682133,19.29981988952781,372.4830477682133,2,0.22504069883733183
0.2396625588058141,0.3346354166666667,0.2396625588058141,-0.0,0.0,0.0334036550874877,0.1827666684258585,0.5389587651012856,414.49211521070697,20.359079429353063,414.49211521070697,2,0.26898856688499045,0.16433571936662253,0.3346354166666667,0.16433571936662253,-0.0,0.0,0.02886481794361877,0.1698964918520061,0.5060587397428336,365.0069044119465,19.105153870407495,365.0069044119465,2,0.20434726879797363
0.26916160067156814,0.3346354166666667,0.26916160067156814,-0.0,0.0,0.043663749276165544,0.20895872625034242,0.49190783936473786,365.36011358830154,19.114395454429143,365.36011358830154,2,0.30499009121011766,0.15715346175006265,0.3346354166666667,0.15715346175006265,-0.0,0.0,0.027105610709611094,0.16463781676641334,0.4690736494922707,316.51754120683876,17.79093986294256,316.51754120683876,2,0.19798698481016735
0.23994638929276424,0.3346354166666667,0.23994638929276424,-0.0,0.0,0.03433846911065692,0.1853064195074119,0.5079640221706312,374.10551234273737,19.34180737011765,374.10551234273737,2,0.2689791666829338,0.15611534204395786,0.3346354166666667,0.15611534204395786,-0.0,0.0,0.026371198728915107,0.1623921141216996,0.48820533290236284,338.97086966330335,18.41116155117062,338.97086966330335,2,0.19756592767321818
0.2375609099834052,0.3346354166666667,0.2375609099834052,-0.0,0.0,0.035035062204290326,0.18717655356451654,0.49540300060699244,358.9932217013946,18.947116448193235,358.9932217013946,2,0.2663299145416098,0.11927184790982767,0.3346354166666667,0.11927184790982767,-0.0,0.0,0.015900575226598188,0.12609748303038482,0.3930178596698667,218.11371975643172,14.768673595026458,218.11371975643172,2,0.14488233778163956
0.2576281469904078,0.3346354166666667,0.2576281469904078,-0.0,0.0,0.03930862979858393,0.19826404060894132,0.5337756512853066,415.0238073467223,20.372133107426976,415.0238073467223,2,0.28871476949305236,0.1922388078396633,0.3346354166666667,0.1922388078396633,-0.0,0.0,0.0322508110059174,0.1795851079736775,0.5095838318542216,373.8547079516248,19.33532280443295,373.8547079516248,2,0.22566356348374952
0.19072720168020948,0.3346354166666667,0.19072720168020948,-0.0,0.0,0.02388064194368691,0.15453362722620248,0.5897291159934986,475.7284097245106,21.811199181258022,475.7284097245106,2,0.2154475622292044,0.1384955249459955,0.3346354166666667,0.1384955249459955,-0.0,0.0,0.020719419484186763,0.14394241725143692,0.5229979980514157,376.8162671727191,19.4117559013274,376.8162671727191,2,0.16371846222213035
0.21591401082984252,0.3346354166666667,0.21591401082984252,-0.0,0.0,0.030694424674339846,0.17519824392481748,0.4928524478536288,350.33019981101876,18.717109814579246,350.33019981101876,2,0.2433093648396619,0.10138775830425155,0.3346354166666667,0.10138775830425155,-0.0,0.0,0.012712106297526924,0.11274797691101568,0.6883765684586783,622.6510076171194,24.952975927073695,622.6510076171194,2,0.12260140580475362
0.1615478731583026,0.3346354166666667,0.1615478731583026,-0.0,0.0,0.018312142028746998,0.1353223633726037,0.427105527848374,257.0047633810286,16.031368106965438,257.0047633810286,2,0.1830568403371885,0.11124629623145617,0.3346354166666667,0.11124629623145617,-0.0,0.0,0.015843103719177538,0.1258693915103173,0.3613063440396357,187.3837961764002,13.688820116299294,187.3837961764002,2,0.13609014156511945
0.23306441664305072,0.3346354166666667,0.23306441664305072,-0.0,0.0,0.03289297585386467,0.1813642077529761,0.5164775404132269,383.7434883464071,19.589371821128086,383.7434883464071,2,0.2618776403669074,0.16502245835050536,0.3346354166666667,0.16502245835050536,-0.0,0.0,0.026899947912484755,0.16401203587689764,0.48473619028602616,335.0968838245638,18.30565169079112,335.0968838245638,2,0.20484998835065157
0.21885084472057095,0.3346354166666667,0.21885084472057095,-0.0,0.0,0.028872477705945112,0.16991903279487297,0.5700256727255046,452.97957400239915,21.283316799841117,452.97957400239915,2,0.2456742334650045,0.14441324311891873,0.3346354166666667,0.14441324311891873,-0.0,0.0,0.022157089268456234,0.1488525756191549,0.4879840677834293,333.21288515416194,18.25411967623095,333.21288515416194,2,0.18112003931106443
0.24023286707714225,0.3346354166666667,0.24023286707714225,-0.0,0.0,0.03565744148189622,0.18883178091067251,0.5042511840722524,371.15650833754404,19.26542260988697,371.15650833754404,2,0.26975358348979556,0.14246207066442354,0.3346354166666667,0.14246207066442354,-0.0,0.0,0.02735234031068798,0.16538542955982544,0.503257901931939,359.26562437127,18.954303584444087,359.26562437127,2,0.1763081258909218
0.21556094174740797,0.3346354166666667,0.21556094174740797,-0.0,0.0,0.028835050732537282,0.1698088652942987,0.5401803370180289,410.5012100700552,20.26082945167979,410.5012100700552,2,0.24272274795828488,0.15502886802384258,0.3346354166666667,0.15502886802384258,-0.0,0.0,0.028032385666297087,0.16742874802821972,0.4003582246000741,241.06202707785164,15.526172325394679,241.06202707785164,2,0.18602117481610617
0.15193736459688928,0.3346354166666667,0.15193736459688928,-0.0,0.0,0.01654737903791094,0.1286366162409092,0.5420688816249111,397.2836544281525,19.931975677994203,397.2836544281525,2,0.17420119314570223,0.08405845856249188,0.3346354166666667,0.08405845856249188,-0.0,0.0,0.011368198547617886,0.10662175457015274,0.3492607208279874,170.69955225590766,13.065203873491896,170.69955225590766,2,0.0997559227678018
0.12471952924034613,0.3346354166666667,0.12471952924034613,-0.0,0.0,0.013417878972446574,0.1158355686844355,0.37523473292897425,197.4346342278879,14.051143520293568,197.4346342278879,2,0.14317636579882123,0.05817777980665624,0.3346354166666667,0.05817777980665624,-0.0,0.0,0.016345417845562787,0.12784919962816657,0.3290197085502481,159.60851205240968,12.633626243181713,159.60851205240968,2,0.07151744607478963
0.1060868730647041,0.3346354166666667,0.1060868730647041,-0.0,0.0,0.01004877084134158,0.10024355760517271,0.6558819229473318,563.7204438650061,23.74279772615279,563.7204438650061,2,0.11902173222475065,0.06497483604098726,0.3346354166666667,0.06497483604098726,-0.0,0.0,0.02077929378652782,0.14415024726488615,0.5466733308291027,409.26883568557406,20.230393858884064,409.26883568557406,2,0.0797117068221249
0.20966342336724328,0.3346354166666667,0.20966342336724328,-0.0,0.0,0.026579424680631073,0.1630319744118652,0.5898202499358987,479.5242660586666,21.89804251659647,479.5242660586666,2,0.23493150499132368,0.16031623349517865,0.3346354166666667,0.16031623349517865,-0.0,0.0,0.030958953055957993,0.17595156451693741,0.43423026095451356,281.0312137898037,16.76398561768065,281.0312137898037,2,0.20207826924694788
0.23951914332456498,0.3346354166666667,0.23951914332456498,-0.0,0.0,0.03444265015686031,0.18558731141126084,0.5228166559096642,394.2310986605032,19.855253679077062,394.2310986605032,2,0.2679694964352043,0.16016807743247785,0.3346354166666667,0.16016807743247785,-0.0,0.0,0.031478768779325636,0.17742257122284535,0.4635931719603824,315.511992311549,17.762657242415873,315.511992311549,2,0.2026694767276527
0.2524832530926643,0.3346354166666667,0.2524832530926643,-0.0,0.0,0.03783268385849682,0.19450625660501727,0.49082003864353235,356.9803161134407,18.893922729635598,356.9803161134407,2,0.28219294554033153,0.16026470983091215,0.3346354166666667,0.16026470983091215,-0.0,0.0,0.029816835588729926,0.1726755211045559,0.55236266633844,428.70608861137543,20.705218873785793,428.70608861137543,2,0.20074133015961215
0.2510547379547664,0.3346354166666667,0.2510547379547664,-0.0,0.0,0.03691240514208702,0.19212601370477403,0.4887095785921354,353.1699636614569,18.792816810192583,353.1699636614569,2,0.2808703731646119,0.1411838343600243,0.3346354166666667,0.1411838343600243,-0.0,0.0,0.024012526659727976,0.154959758194597,0.4409670672483716,279.7079634221676,16.724471992328116,279.7079634221676,2,0.17699983280840462
0.08860436923701467,0.3346354166666667,0.08860436923701467,-0.0,0.0,0.008121877300329369,0.09012145860076483,0.6504282127021273,552.0597865703692,23.495952557203744,552.0597865703692,2,0.10251897587295761,0.049531273217941874,0.3346354166666667,0.049531273217941874,-0.0,0.0,0.005868831421592204,0.07660829864702783,0.45796743925357425,275.9849865763473,16.612795868737667,275.9849865763473,2,0.064881481994436
0.10998317126714932,0.3346354166666667,0.10998317126714932,-0.0,0.0,0.011156352097245957,0.10562363417931593,0.4716184234041174,298.99062255117593,17.29134530773057,298.99062255117593,2,0.12596008570591716,0.07827941678847188,0.3346354166666667,0.07827941678847188,-0.0,0.0,0.009979688201371314,0.0998983893832694,0.5827773234425565,447.55686598611396,21.15553984151938,447.55686598611396,2,0.09454743174776077
0.19907713944255073,0.3346354166666667,0.19907713944255073,-0.0,0.0,0.028556570020895834,0.1689868930446851,0.5829310748913006,471.448020481556,21.71285380786128,471.448020481556,2,0.23095680649857414,0.1604638537381799,0.3346354166666667,0.1604638537381799,-0.0,0.0,0.026928286313438746,0.16409840435981926,0.5051882941337007,361.10737503236174,19.0028254486632,361.10737503236174,2,0.1934349373783407
0.2367674400472602,0.3346354166666667,0.2367674400472602,-0.0,0.0,0.03565993700414956,0.18883838858703905,0.48163899369779,342.48264386119723,18.50628660377865,342.48264386119723,2,0.26855731472068833,0.1608960355816382,0.3346354166666667,0.1608960355816382,-0.0,0.0,0.025887871970864285,0.16089708502910885,0.4851869591502586,334.5964487587578,18.291977715893868,334.5964487587578,2,0.2059488221273841
0.2414796816678276,0.3346354166666667,0.2414796816678276,-0.0,0.0,0.03734965524188631,0.19326058895151466,0.4634106562967741,322.6041886383149,17.961185613380728,322.6041886383149,2,0.2738485063142865,0.1707358871236055,0.3346354166666667,0.1707358871236055,-0.0,0.0,0.03466790033785835,0.1861931801593666,0.5117182342071602,379.44261448805554,19.479286806453043,379.44261448805554,2,0.2229073186293238
0.18395028082600406,0.3346354166666667,0.18395028082600406,-0.0,0.0,0.02392571250563089,0.15467938616903965,0.4817014361070913,327.68816548625256,18.102159138794814,327.68816548625256,2,0.20896488876783428,0.126112016789148,0.3346354166666667,0.126112016789148,-0.0,0.0,0.0215202750732684,0.1466979041202307,0.5472389410584133,411.03281827117524,20.27394431952439,411.03281827117524,2,0.15312035805580826
0.2620062243654327,0.3346354166666667,0.2620062243654327,-0.0,0.0,0.04065916618830322,0.20164118177669763,0.4919098198867529,362.0480142281637,19.027559334506453,362.0480142281637,2,0.2920252626657148,0.18092949546620557,0.3346354166666667,0.18092949546620557,-0.0,0.0,0.030733079148654346,0.1753085256017355,0.5273832092915121,395.50823675397186,19.887388887281606,395.50823675397186,2,0.22168891207246194
0.2616251989301771,0.3346354166666667,0.2616251989301771,-0.0,0.0,0.04006193635302583,0.20015478098967765,0.5097606914815394,383.85566652519833,19.592234852747104,383.85566652519833,2,0.2910450757929558,0.17680689409051817,0.3346354166666667,0.17680689409051817,-0.0,0.0,0.03338235521854077,0.1827083884733834,0.47771013707848714,334.90282150993636,18.300350311126188,334.90282150993636,2,0.22378009466026536
0.1986708157383716,0.3346354166666667,0.1986708157383716,-0.0,0.0,0.02579573310849217,0.16061050123977627,0.5509003262928539,421.07481879732137,20.520107670217556,421.07481879732137,2,0.22328463991522557,0.13295545185405758,0.3346354166666667,0.13295545185405758,-0.0,0.0,0.02159956129554084,0.14696789205653335,0.5036130795943216,352.1552280952785,18.765799425957812,352.1552280952785,2,0.16594430700519344
0.235858141242063,0.3346354166666667,0.235858141242063,-0.0,0.0,0.033189057180614226,0.18217864084632487,0.4983976381727192,360.36699871417267,18.983334762737886,360.36699871417267,2,0.26060110609449716,0.14283065237511336,0.3346354166666667,0.14283065237511336,-0.0,0.0,0.022836456581292533,0.15111736029090944,0.557919715684594,427.4576860449718,20.675049843832827,427.4576860449718,2,0.1701792477895805
0.20672522895431306,0.3346354166666667,0.20672522895431306,-0.0,0.0,0.03230077161531105,0.1797241542345131,0.5680368370474314,454.3877048038096,21.31637175515124,454.3877048038096,2,0.23827949191894995,0.1342286693274141,0.3346354166666667,0.1342286693274141,-0.0,0.0,0.021378530091618116,0.1462139873323278,0.45091870710727044,287.68233523640095,16.96120087836946,287.68233523640095,2,0.16154852950980267
0.14926907967343345,0.3346354166666667,0.14926907967343345,-0.0,0.0,0.016574065592472577,0.12874030290655905,0.5214406720476716,369.3642509751326,19.21885144786578,369.3642509751326,2,0.16944440671360003,0.11943158065341897,0.3346354166666667,0.11943158065341897,-0.0,0.0,0.015939885135642817,0.12625325792090603,0.40443759795179585,229.7197366825268,15.156508063618308,229.7197366825268,2,0.15185456277823095
0.21037327328433295,0.3346354166666667,0.21037327328433295,-0.0,0.0,0.03137850964398644,0.17713980254021522,0.5159472974824181,381.0068567913609,19.51939693718433,381.0068567913609,2,0.23984593473999435,0.13905619459261337,0.3346354166666667,0.13905619459261337,-0.0,0.0,0.022245171367520508,0.1491481524106836,0.49630054984449,343.7940586004258,18.541684351763347,343.7940586004258,2,0.17861915498452255
0.1716329129360354,0.3346354166666667,0.1716329129360354,-0.0,0.0,0.021282465138610797,0.14588510937930163,0.48120781978562127,323.5181663855848,17.98661075315705,323.5181663855848,2,0.19296097599363993,0.11446409972559572,0.3346354166666667,0.11446409972559572,-0.0,0.0,0.018219449556831996,0.13497944123766403,0.5954278747435214,476.8610355773807,21.83714806419054,476.8610355773807,2,0.13814216994584905
0.136300452031325,0.3346354166666667,0.136300452031325,-0.0,0.0,0.016615407682575474,0.12890076680367527,0.4376857311472798,266.4304671846413,16.322697913783777,266.4304671846413,2,0.1545078425601331,0.09057223939717993,0.3346354166666667,0.09057223939717993,-0.0,0.0,0.017965635758461343,0.1340359495003536,0.5023870228606266,346.2397660532583,18.607519073032233,346.2397660532583,2,0.12130822230087185
0.23869818879566268,0.3346354166666667,0.23869818879566268,-0.0,0.0,0.03490118858713896,0.18681859807615236,0.5489149364039535,430.6487526854491,20.752078273884983,430.6487526854491,2,0.26668505220021743,0.14582431568467902,0.3346354166666667,0.14582431568467902,-0.0,0.0,0.026330607707535626,0.16226708756718236,0.49704261758836077,349.9239383603447,18.706253990586802,349.9239383603447,2,0.18139141646878013
0.16210773425897118,0.3346354166666667,0.16210773425897118,-0.0,0.0,0.01806669495200634,0.13441240624289985,0.441444254938428,272.6641767576493,16.512546041045557,272.6641767576493,2,0.18164252782425733,0.085597814045511,0.3346354166666667,0.085597814045511,-0.0,0.0,0.009337886585478971,0.09663274075321972,0.41240542371283473,229.67398455155617,15.154998665508229,229.67398455155617,2,0.10261304136211148
0.22257602500484985,0.3346354166666667,0.22257602500484985,-0.0,0.0,0.030712854775662896,0.1752508338800786,0.545282916728729,419.88544697020234,20.49110653357213,419.88544697020234,2,0.2506983691583497,0.14364540324142835,0.3346354166666667,0.14364540324142835,-0.0,0.0,0.02170870339678189,0.1473387369186457,0.571317603779393,445.5392566750127,21.107800848857107,445.5392566750127,2,0.1732316250830147
0.22393222384543768,0.3346354166666667,0.22393222384543768,-0.0,0.0,0.031221603272382582,0.17669635896753103,0.4452441927375466,293.6557456968671,17.136386599772635,293.6557456968671,2,0.25362135776901307,0.16198985175568364,0.3346354166666667,0.16198985175568364,-0.0,0.0,0.025482247211966094,0.1596315984132405,0.4849352201660755,333.6826152497888,18.266981558259396,333.6826152497888,2,0.21108468753032028
0.14309966036304597,0.3346354166666667,0.14309966036304597,-0.0,0.0,0.016077626330815695,0.12679758014574133,0.43439887265695215,262.11948940229985,16.190104675458397,262.11948940229985,2,0.16155376705432364,0.08633806635037944,0.3346354166666667,0.08633806635037944,-0.0,0.0,0.012346358009246366,0.11111416655515338,0.47035096791551945,299.0160898604938,17.29208170986055,299.0160898604938,2,0.10789265649009526
0.1844600547281165,0.3346354166666667,0.1844600547281165,-0.0,0.0,0.022865244510026392,0.15121258052829598,0.44475691228216585,282.5926375413188,16.810491888737783,282.5926375413188,2,0.20678915147848737,0.11776297499779975,0.3346354166666667,0.11776297499779975,-0.0,0.0,0.01876625238190371,0.13698997182970624,0.598404966091714,482.61807577981693,21.968570180597027,482.61807577981693,2,0.14244987996681321
0.23663002378828085,0.3346354166666667,0.23663002378828085,-0.0,0.0,0.034481646291489296,0.18569234311486646,0.4863847969870858,347.10679985559807,18.630802447978404,347.10679985559807,2,0.2656113242633225,0.15766683513485208,0.3346354166666667,0.15766683513485208,-0.0,0.0,0.02825160245261423,0.16808213008114287,0.4970486777693377,352.6203563998023,18.778188315165078,352.6203563998023,2,0.20100722592418657
0.2169619196063873,0.3346354166666667,0.2169619196063873,-0.0,0.0,0.029679890081777346,0.17227852472603006,0.5049966000203066,364.07020885690866,19.080623911625864,364.07020885690866,2,0.24477026149478232,0.15729136450870884,0.3346354166666667,0.15729136450870884,-0.0,0.0,0.027274386579444823,0.16514958849311379,0.4413512853604074,284.17298917531645,16.857431274524494,284.17298917531645,2,0.19221165416314764
0.22259944641457463,0.3346354166666667,0.22259944641457463,-0.0,0.0,0.030636418321790905,0.17503262073622422,0.49595298422002887,354.04786637225385,18.81615971372091,354.04786637225385,2,0.247755125219736,0.1489204184012404,0.3346354166666667,0.1489204184012404,-0.0,0.0,0.02383060620476877,0.1543716496147164,0.4859768846905259,332.6538868386265,18.23880168318704,332.6538868386265,2,0.1777806462744799
0.2577415783274938,0.3346354166666667,0.2577415783274938,-0.0,0.0,0.038915206174930425,0.19726937465032535,0.47413031403326267,337.5728764365413,18.3731564091895,337.5728764365413,2,0.2863529514019111,0.15751570989459446,0.3346354166666667,0.15751570989459446,-0.0,0.0,0.025408740794494428,0.15940119445755238,0.43529296433697484,275.13858364695926,16.58730187965961,275.13858364695926,2,0.19295371416402035
0.24469809540300264,0.3346354166666667,0.24469809540300264,-0.0,0.0,0.035668481460127716,0.18886101095813215,0.4630726032520597,320.25652541355066,17.895712486893352,320.25652541355066,2,0.2730336387042639,0.16136710718206898,0.3346354166666667,0.16136710718206898,-0.0,0.0,0.030866008138342362,0.17568724523522578,0.4852436586413079,340.69361728528605,18.45788767127176,340.69361728528605,2,0.20578637124823362
0.21635588747573503,0.3346354166666667,0.21635588747573503,-0.0,0.0,0.0292402118644767,0.1709976954946373,0.5139555718015356,375.65250303105785,19.38175696450293,375.65250303105785,2,0.24076232724167745,0.12617052592642516,0.3346354166666667,0.12617052592642516,-0.0,0.0,0.020461305854213636,0.14304302099093696,0.481080062312225,322.11416649387024,17.94753928798793,322.11416649387024,2,0.15181694399816484
0.2533138801917906,0.3346354166666667,0.2533138801917906,-0.0,0.0,0.03817292164417951,0.19537891811600225,0.48853393193105454,353.7988431117041,18.809541278609217,353.7988431117041,2,0.2825621825197067,0.14835710121595028,0.3346354166666667,0.14835710121595028,-0.0,0.0,0.022916254909239823,0.15138115770874466,0.4066891250231228,240.9385367190267,15.522194971041522,240.9385367190267,2,0.18444896444014344
0.2620366880134926,0.3346354166666667,0.2620366880134926,-0.0,0.0,0.04037464131211818,0.20093442042646198,0.49037595579898074,359.63261630759945,18.963982079394597,359.63261630759945,2,0.2915885539163217,0.15973367192972876,0.3346354166666667,0.15973367192972876,-0.0,0.0,0.031108271734308093,0.17637537167730674,0.5097976451987429,372.66999298561274,19.3046624675391,372.66999298561274,2,0.20250248603608018
0.2362965394587016,0.3346354166666667,0.2362965394587016,-0.0,0.0,0.03307591987429603,0.18186786377558853,0.50827640814854,373.22844480321663,19.3191212223335,373.22844480321663,2,0.26194510449912384,0.17372603849777962,0.3346354166666667,0.17372603849777962,-0.0,0.0,0.027628108651877696,0.1662170528311632,0.502158479676675,358.23860849950205,18.927192303654074,358.23860849950205,2,0.20663777472812347
0.09609760759672166,0.3346354166666667,0.09609760759672166,-0.0,0.0,0.009096432438601402,0.0953752192060464,0.5460600400193854,393.30293455852205,19.83186664332236,393.30293455852205,2,0.11115029340518033,0.06450294324898839,0.3346354166666667,0.06450294324898839,-0.0,0.0,0.009202218206239619,0.09592819296869726,0.5205492412662608,358.6557625336357,18.938209063521178,358.6557625336357,2,0.07941673666169573
0.17020748667728935,0.3346354166666667,0.17020748667728935,-0.0,0.0,0.020981560877875605,0.14485013247448414,0.40414558106466414,235.8649837248958,15.357896461589256,235.8649837248958,2,0.19511943472855137,0.10344886170274632,0.3346354166666667,0.10344886170274632,-0.0,0.0,0.014528745134671625,0.12053524436724565,0.5223612916719624,367.9366501785218,19.18167485332086,367.9366501785218,2,0.13143053832678825
0.24906315036410157,0.3346354166666667,0.24906315036410157,-0.0,0.0,0.04045471783221848,0.20113358205983028,0.4399579642858074,299.71225719042286,17.312199663544284,299.71225719042286,2,0.28373333271998785,0.1666080385562697,0.3346354166666667,0.1666080385562697,-0.0,0.0,0.027859807993907203,0.16691257590100037,0.4739850675751001,323.11322457109975,17.97535047144004,323.11322457109975,2,0.20079334412515562
0.2652720987416245,0.3346354166666667,0.2652720987416245,-0.0,0.0,0.0412879171469196,0.20319428423781905,0.5081005218264377,383.53098646326424,19.583947162491636,383.53098646326424,2,0.2940360793926502,0.16735699848793031,0.3346354166666667,0.16735699848793031,-0.0,0.0,0.028462558984252533,0.1687085029992636,0.5195786862033172,382.1684957459798,19.549130306639725,382.1684957459798,2,0.21045517180412618
0.24164886720489095,0.3346354166666667,0.24164886720489095,-0.0,0.0,0.0345055393979753,0.18575666716964778,0.47302632071571754,330.30216637659686,18.174217077403824,330.30216637659686,2,0.2682235278758452,0.16445732906053218,0.3346354166666667,0.16445732906053218,-0.0,0.0,0.02708335615039752,0.16457021647429865,0.5379143185097157,404.83470690521676,20.12050463843332,404.83470690521676,2,0.19997424038372194
0.25231498339021946,0.3346354166666667,0.25231498339021946,-0.0,0.0,0.037830992354000205,0.19450190835567707,0.5117124461828617,383.6702466762564,19.587502308264227,383.6702466762564,2,0.2804492327760308,0.16671892300182217,0.3346354166666667,0.16671892300182217,-0.0,0.0,0.0302953114636755,0.1740554838655637,0.5032373214988948,362.9639179343927,19.051611951076286,362.9639179343927,2,0.20825506519473905
0.19418832111733816,0.3346354166666667,0.19418832111733816,-0.0,0.0,0.023612538726724756,0.15366371961762723,0.48675295800411106,333.5034166560557,18.26207591310626,333.5034166560557,2,0.21615372614315678,0.13460939332526528,0.3346354166666667,0.13460939332526528,-0.0,0.0,0.02337230425787582,0.1528800322405638,0.4681059973778824,310.0778605339973,17.609027813425627,310.0778605339973,2,0.1634668297848053
0.10180748800342103,0.3346354166666667,0.10180748800342103,-0.0,0.0,0.009680255563683368,0.09838828976907449,0.394334610092793,211.50708863577833,14.543283282525246,211.50708863577833,2,0.11560158608649237,0.0745684554264056,0.3346354166666667,0.0745684554264056,-0.0,0.0,0.011262723140357898,0.10612597768858432,0.48328523287211184,313.5024493264803,17.706000376326674,313.5024493264803,2,0.09322571517643406
0.243874355096844,0.3346354166666667,0.243874355096844,-0.0,0.0,0.034937035045601215,0.18691451266715814,0.493935224998331,357.1298104167728,18.897878463382412,357.1298104167728,2,0.2707473342834159,0.162346562295873,0.3346354166666667,0.162346562295873,-0.0,0.0,0.02672337758056417,0.16347286496713812,0.4833009787089195,333.2447661704495,18.25499291072033,333.2447661704495,2,0.19863028975627173
0.23165508168885615,0.3346354166666667,0.23165508168885615,-0.0,0.0,0.03266560958265887,0.1807362984645278,0.5060324738221775,369.461772196271,19.221388404490217,369.461772196271,2,0.25828591518178545,0.1391098035198354,0.3346354166666667,0.1391098035198354,-0.0,0.0,0.022297986437405343,0.1493251031722575,0.5874080876753425,470.37433245778254,21.68811500471589,470.37433245778254,2,0.17115722398684505
0.23967811792307686,0.3346354166666667,0.23967811792307686,-0.0,0.0,0.03445459198800737,0.18561948170385395,0.4821978616445456,341.9267509507938,18.491261475377872,341.9267509507938,2,0.26712576420990247,0.1830180032606096,0.3346354166666667,0.1830180032606096,-0.0,0.0,0.03410013817973828,0.18466222726843268,0.531929543095602,406.1396031749832,20.152905576491527,406.1396031749832,2,0.22594768743405583
0.09284885658903722,0.3346354166666667,0.09284885658903722,-0.0,0.0,0.00723172480926459,0.08503954850106267,0.7066290806773108,648.374827679069,25.463205369298443,648.374827679069,2,0.10701080041818123,0.05245823809016983,0.3346354166666667,0.05245823809016983,-0.0,0.0,0.005779366468769723,0.07602214459464902,0.608813156115675,481.720488997419,21.948131788319,481.720488997419,2,0.06939898172865962
0.1727737102096877,0.3346354166666667,0.1727737102096877,-0.0,0.0,0.021408669336400617,0.14631701656472024,0.41248559824064057,245.09613572563825,15.655546484413703,245.09613572563825,2,0.19469670210225215,0.1472876131048882,0.3346354166666667,0.1472876131048882,-0.0,0.0,0.02555492384146223,0.15985907494246998,0.5275616296787166,388.981837515902,19.722622480692113,388.981837515902,2,0.17749369599311063
0.22919671175979905,0.3346354166666667,0.22919671175979905,-0.0,0.0,0.03284890666865145,0.18124267342061431,0.5812894036682184,474.58703121431665,21.785018503878224,474.58703121431665,2,0.2587061590687882,0.12043929273361247,0.3346354166666667,0.12043929273361247,-0.0,0.0,0.021239094004665213,0.1457363853149419,0.5273665639075772,383.3145517662119,19.57842056362596,383.3145517662119,2,0.15272906995160312
0.23397625094199456,0.3346354166666667,0.23397625094199456,-0.0,0.0,0.03313077637077584,0.18201861545121104,0.5111277194080034,376.95286346120866,19.415273973374898,376.95286346120866,2,0.2634916555218076,0.11728999838513454,0.3346354166666667,0.11728999838513454,-0.0,0.0,0.018830507319933725,0.1372242956620063,0.4116314239349624,240.87219466638655,15.520057817752695,240.87219466638655,2,0.1405781059489348
0.18493571512085646,0.3346354166666667,0.18493571512085646,-0.0,0.0,0.023126649125813418,0.15207448545306151,0.5657382913600195,439.24464314224497,20.958164116693165,439.24464314224497,2,0.20852017576429172,0.1037051187120587,0.3346354166666667,0.1037051187120587,-0.0,0.0,0.014603737939764888,0.12084592645085265,0.5074560812332977,348.2595278131383,18.661712885293735,348.2595278131383,2,0.1255964410324449
0.08724647893526466,0.3346354166666667,0.08724647893526466,-0.0,0.0,0.014540054453641725,0.12058214815486464,0.4485057625360502,276.04208362538185,16.614514245844862,276.04208362538185,2,0.10174088686560576,0.042650264904574034,0.3346354166666667,0.042650264904574034,-0.0,0.0,0.014498314824288174,0.12040894827332466,0.554384043209315,411.7698143478258,20.292112121408795,411.7698143478258,2,0.054044970802769696
0.21677578748067594,0.3346354166666667,0.21677578748067594,-0.0,0.0,0.028900621299069056,0.170001827340382,0.5422203492211873,413.42628614857813,20.332886812958414,413.42628614857813,2,0.24435417222682937,0.15488319694421335,0.3346354166666667,0.15488319694421335,-0.0,0.0,0.029920315665890096,0.1729748989474776,0.5006710966084443,359.28196394971286,18.95473460509835,359.28196394971286,2,0.19483059216826518
0.23722662887389312,0.3346354166666667,0.23722662887389312,-0.0,0.0,0.036852010541767906,0.19196877491344239,0.5198762118796494,393.4180105633206,19.83476772143603,393.4180105633206,2,0.2712714576510285,0.14868971546506426,0.3346354166666667,0.14868971546506426,-0.0,0.0,0.025538705215219386,0.15980833900400626,0.5231262859014815,383.1164963433492,19.57336190702428,383.1164963433492,2,0.17783894417138738
0.2619942036836479,0.3346354166666667,0.2619942036836479,-0.0,0.0,0.04142251189242993,0.20352521193314094,0.5180359282593908,396.56819153968445,19.914019974371936,396.56819153968445,2,0.29447415717988107,0.16672695719646655,0.3346354166666667,0.16672695719646655,-0.0,0.0,0.026382415166992478,0.16242664549572056,0.5316264615574485,395.6922429413392,19.89201455210958,395.6922429413392,2,0.19981183414860856
0.2181509566915895,0.3346354166666667,0.2181509566915895,-0.0,0.0,0.029270126206809945,0.17108514315044993,0.5312210954087228,398.74930435419867,19.96870812932571,398.74930435419867,2,0.24578809217090902,0.15496451771206252,0.3346354166666667,0.15496451771206252,-0.0,0.0,0.028084825891127502,0.1675852794583328,0.5121086351765505,371.56715256705075,19.276077208992778,371.56715256705075,2,0.19561181456113771
0.2510484463499628,0.3346354166666667,0.2510484463499628,-0.0,0.0,0.036504254029565,0.19106086472526235,0.5474116386249395,430.3207894417887,20.744174831547017,430.3207894417887,2,0.28310523671563537,0.15142823990902352,0.3346354166666667,0.15142823990902352,-0.0,0.0,0.024379415470424885,0.15613909014217062,0.49634214904985674,346.60530445783985,18.617338812457593,346.60530445783985,2,0.19812934245131053
0.25462784004611627,0.3346354166666667,0.25462784004611627,-0.0,0.0,0.03871289891220904,0.1967559374255553,0.5039972470414006,374.5665699911095,19.353722380749122,374.5665699911095,2,0.2875085063496911,0.14411894474415982,0.3346354166666667,0.14411894474415982,-0.0,0.0,0.02402015082994574,0.15498435672656044,0.5790878469123976,460.0899329973748,21.449707060875557,460.0899329973748,2,0.1868300500249768
0.10853799994215725,0.3346354166666667,0.10853799994215725,-0.0,0.0,0.022853475728877838,0.15117366083044306,0.4276275002509047,263.4063295616483,16.22979758227589,263.4063295616483,2,0.13820670492497883,0.09250425829189993,0.3346354166666667,0.09250425829189993,-0.0,0.0,0.006602664991752644,0.08125678428139181,0.7938309960706547,814.9631657345238,28.547559715928852,814.9631657345238,2,0.10645883342429381
0.24197478726259103,0.3346354166666667,0.24197478726259103,-0.0,0.0,0.03657420171098517,0.1912438279029814,0.5108562129113208,380.6897353203447,19.51127200672331,380.6897353203447,2,0.2730609700185525,0.14441353650695904,0.3346354166666667,0.14441353650695904,-0.0,0.0,0.025594867656852913,0.1599839606237229,0.4281794609650602,267.617504053621,16.359019043134005,267.617504053621,2,0.18375383037674606
0.18250083868592287,0.3346354166666667,0.18250083868592287,-0.0,0.0,0.022615735946866247,0.15038529165735007,0.595996182479127,483.46684121132466,21.98787941597199,483.46684121132466,2,0.2060032036035199,0.11981805611288734,0.3346354166666667,0.11981805611288734,-0.0,0.0,0.021814141555882002,0.14769611218946152,0.43989483308962746,275.8100349882056,16.607529466727,275.8100349882056,2,0.15374435731488803
0.1359708693805704,0.3346354166666667,0.1359708693805704,-0.0,0.0,0.01309125375390626,0.11441701688956175,0.6464863158696921,551.655174248777,23.48734072322316,551.655174248777,2,0.1541737772096145,0.11055768194760499,0.3346354166666667,0.11055768194760499,-0.0,0.0,0.02026105508515891,0.14234133301735977,0.4307754829649152,263.64047835518977,16.237009526239422,263.64047835518977,2,0.1399611716289308
0.2748019636496852,0.3346354166666667,0.2748019636496852,-0.0,0.0,0.04509403221616562,0.21235355475283577,0.5288361836140502,415.537833385064,20.384745114547396,415.537833385064,2,0.311196555782187,0.1726951855633972,0.3346354166666667,0.1726951855633972,-0.0,0.0,0.03458079571894587,0.1859591237851638,0.507876862496852,374.6397783088884,19.35561361230608,374.6397783088884,2,0.21840347088918521
0.08732736316181797,0.3346354166666667,0.08732736316181797,-0.0,0.0,0.021023424633319875,0.14499456759934104,0.45227907405169826,288.8535073119349,16.995690845385923,288.8535073119349,2,0.12323131732939724,0.08732736316181791,0.3346354166666667,0.08732736316181791,-0.0,0.0,0.021023424633319826,0.14499456759934085,0.5477209259483016,410.79038306956716,20.267964453036896,410.79038306956716,2,0.12323131732939718
0.20201871751568773,0.3346354166666667,0.20201871751568773,-0.0,0.0,0.02591452954024092,0.16097990415030355,0.6210664952907585,526.9922720795045,22.956312249128874,526.9922720795045,2,0.22987147331624377,0.1641279020969896,0.3346354166666667,0.1641279020969896,-0.0,0.0,0.03133633762594126,0.17702072654336629,0.4979650199377551,357.45478852792473,18.9064747779147,357.45478852792473,2,0.21051763366499074
0.1981092661185404,0.3346354166666667,0.1981092661185404,-0.0,0.0,0.025380326550929196,0.15931204144988287,0.4455591706448151,286.68385066994153,16.93174092259687,286.68385066994153,2,0.22489768043553682,0.13993771006195482,0.3346354166666667,0.13993771006195482,-0.0,0.0,0.02232660128129894,0.14942088636231196,0.49659209957915795,344.33247831081627,18.556197840905238,344.33247831081627,2,0.1654512868288615
0.16659446334843547,0.3346354166666667,0.16659446334843547,-0.0,0.0,0.020124825958935052,0.14186199617563208,0.4391107521101519,272.71793577949455,16.51417378434339,272.71793577949455,2,0.1899581303802801,0.09866504444478105,0.3346354166666667,0.09866504444478105,-0.0,0.0,0.017850740760077952,0.13360666435503116,0.4986110834396292,341.19907420922004,18.471574762570192,341.19907420922004,2,0.12340521038400293
0.19022797493025007,0.3346354166666667,0.19022797493025007,-0.0,0.0,0.02370834409441631,0.153975141157319,0.569937729627006,446.22541532979875,21.12404827039076,446.22541532979875,2,0.21641141979453793,0.0879165703510009,0.3346354166666667,0.0879165703510009,-0.0,0.0,0.01484335909683345,0.12183332506680367,0.5363956449456025,387.3931788578332,19.682306238290096,387.3931788578332,2,0.11365279055750785
0.1574270578653879,0.3346354166666667,0.1574270578653879,-0.0,0.0,0.01789853177243368,0.13378539446603907,0.4576292133124234,290.8983089520084,17.055741231386232,290.8983089520084,2,0.18222534224312342,0.10751372129838513,0.3346354166666667,0.10751372129838513,-0.0,0.0,0.017457410377442254,0.13212649385131756,0.5388614921688771,393.65887593745487,19.840838589572137,393.65887593745487,2,0.1298741523356331
0.16205564533483124,0.3346354166666667,0.16205564533483124,-0.0,0.0,0.031404558140337616,0.17721331253700331,0.4867744238729008,343.2013069948764,18.525693158283616,343.2013069948764,2,0.2075307762514874,0.14671018468145994,0.3346354166666667,0.14671018468145994,-0.0,0.0,0.013971520068980168,0.11820118471902119,0.41373403781706053,237.06497021664867,15.396914308284263,237.06497021664867,2,0.1678402991932519
0.12842347383948713,0.3346354166666667,0.12842347383948713,-0.0,0.0,0.024648140061825613,0.15699726131950714,0.4929801442944221,342.5354798772262,18.507714064065993,342.5354798772262,2,0.16586680122096312,0.11871373284802891,0.3346354166666667,0.11871373284802891,-0.0,0.0,0.010680981611565289,0.10334883459219697,0.7037353433051087,647.6533428896339,25.449034223121984,647.6533428896339,2,0.13427558367944725
0.1485474270259868,0.3346354166666667,0.1485474270259868,-0.0,0.0,0.01680421233284924,0.12963106237645836,0.4662414250752167,299.7415503565444,17.313045669567916,299.7415503565444,2,0.1686363066404744,0.09327540808076805,0.3346354166666667,0.09327540808076805,-0.0,0.0,0.015049107892021088,0.12267480544928974,0.5076015507862492,349.0894966462639,18.68393686154671,349.0894966462639,2,0.11306269309264368
0.14532513219704443,0.3346354166666667,0.14532513219704443,-0.0,0.0,0.018529166725851906,0.13612188187742597,0.5266726206248329,378.7074433259563,19.46040706989338,378.7074433259563,2,0.16909935758595815,0.0954087572833705,0.3346354166666667,0.0954087572833705,-0.0,0.0,0.015100443706990808,0.12288386267932339,0.5110538394691297,353.56863537762376,18.80342084243247,353.56863537762376,2,0.11731892366726934
0.18995541059038715,0.3346354166666667,0.18995541059038715,-0.0,0.0,0.022524984959524496,0.15008326009093917,0.5043700704125998,354.1137375069448,18.817910019631427,354.1137375069448,2,0.2162640828870585,0.12726150660764116,0.3346354166666667,0.12726150660764116,-0.0,0.0,0.02254720167749184,0.15015725649295755,0.6097759182285805,504.696545912627,22.46545227482917,504.696545912627,2,0.16361159422346153
0.25935011910928735,0.3346354166666667,0.25935011910928735,-0.0,0.0,0.040653027648133847,0.20162595975750208,0.5147774924334332,391.0692217079079,19.7754702019423,391.0692217079079,2,0.29659665083144077,0.15071379417919234,0.3346354166666667,0.15071379417919234,-0.0,0.0,0.027293839114467762,0.16520847167886932,0.49721138458985914,351.4056749330608,18.745817531733866,351.4056749330608,2,0.19336641258318604
0.2342745751538387,0.3346354166666667,0.2342745751538387,-0.0,0.0,0.033930510608966125,0.18420236320136102,0.5457021792507156,424.53324250755907,20.604204486161535,424.53324250755907,2,0.26598364469842817,0.12987497249409768,0.3346354166666667,0.12987497249409768,-0.0,0.0,0.022419473865694296,0.14973133895645993,0.472993098032676,315.1367084283559,17.752090255188428,315.1367084283559,2,0.16932521659318858
0.253388466769321,0.3346354166666667,0.253388466769321,-0.0,0.0,0.03851613819833564,0.19625528833215078,0.5275692756026863,405.69253823616236,20.141810699044967,405.69253823616236,2,0.2874183221022,0.09250121571545573,0.3346354166666667,0.09250121571545573,-0.0,0.0,0.015099949923510247,0.12288185351592906,0.6162116821833874,505.27819961925263,22.4783940622824,505.27819961925263,2,0.12184710697228408
0.20503268085262255,0.3346354166666667,0.20503268085262255,-0.0,0.0,0.030616729606448748,0.17497636870860234,0.4549854215767224,304.2754247864281,17.443492333429912,304.2754247864281,2,0.2325216500251522,0.10146224264272705,0.3346354166666667,0.10146224264272705,-0.0,0.0,0.016130101579962766,0.1270043368549388,0.36151800757239727,187.97270167717184,13.710313697256233,187.97270167717184,2,0.1295051754115304
0.07305357169490925,0.3346354166666667,0.07305357169490925,-0.0,0.0,0.006163375617783821,0.07850716921265102,0.46413519839013173,283.7229699120827,16.844078185287632,283.7229699120827,2,0.08412551377324749,0.04996295155006829,0.3346354166666667,0.04996295155006829,-0.0,0.0,0.018435987531664928,0.13577918666594277,0.4749779693854111,312.3089904390044,17.672266137623787,312.3089904390044,2,0.063149122813839
0.22943686268055088,0.3346354166666667,0.22943686268055088,-0.0,0.0,0.03237376342842057,0.1799271058746307,0.5099354746505195,374.57458617313864,19.353929476288236,374.57458617313864,1,0.25858814432090227,0.1441942551508633,0.3346354166666667,0.1441942551508633,-0.0,0.0,0.020727919898108,0.1439719413570158,0.5172212736642327,368.92484170943186,19.207416320510987,368.92484170943186,2,0.17080349360877653
0.2263630339695622,0.3346354166666667,0.2263630339695622,-0.0,0.0,0.03399954693903903,0.18438966060774403,0.489764493017157,350.79623072690174,18.729555006110044,350.79623072690174,2,0.2567682846485921,0.13256915836669708,0.3346354166666667,0.13256915836669708,-0.0,0.0,0.02380074051820531,0.15427488622003682,0.4515593992431976,291.59842265204855,17.076253179548743,291.59842265204855,2,0.15750820088950931
0.2134391525679577,0.3346354166666667,0.2134391525679577,-0.0,0.0,0.03044947630655768,0.1744977830992637,0.5304872627919022,399.4785105762279,19.986958512395724,399.4785105762279,2,0.24130516919179784,0.1323328929661066,0.3346354166666667,0.1323328929661066,-0.0,0.0,0.024188457283636052,0.15552638774058905,0.43267140509577334,270.6618359335141,16.45180342495965,270.6618359335141,2,0.1562077746993199
0.22858819637034894,0.3346354166666667,0.22858819637034894,-0.0,0.0,0.032704764403977904,0.18084458632753678,0.4951838360356487,355.9741394142877,18.867276947516505,355.9741394142877,2,0.2587568518507641,0.13586087170032307,0.3346354166666667,0.13586087170032307,-0.0,0.0,0.020831677021730235,0.14433182955166277,0.4576301288891518,294.8465752024091,17.171097087909352,294.8465752024091,2,0.15817671960045906
0.2338635231117137,0.3346354166666667,0.2338635231117137,-0.0,0.0,0.03572543378471683,0.18901172922524365,0.4876640542838511,350.3745925968311,18.718295664852374,350.3745925968311,2,0.2678036603619796,0.15856139799453955,0.3346354166666667,0.15856139799453955,-0.0,0.0,0.02657164970442408,0.16300812772504344,0.5198480128482316,380.0419113979102,19.494663664652187,380.0419113979102,2,0.18724695205069605
0.13899469650629037,0.3346354166666667,0.13899469650629037,-0.0,0.0,0.017126023276493867,0.1308664329631318,0.4669707009095181,301.0843174514899,17.35178139130072,301.0843174514899,2,0.16262095512475144,0.09783348226794808,0.3346354166666667,0.09783348226794808,-0.0,0.0,0.01728883583833672,0.13148701775588614,0.526917178350179,377.7247064655216,19.435141019954592,377.7247064655216,2,0.11813504759515187
0.2372765423794127,0.3346354166666667,0.2372765423794127,-0.0,0.0,0.03490541927630355,0.1868299207201661,0.528626084571664,402.4437143202478,20.06099983351398,402.4437143202478,2,0.2739379735712076,0.16612597447869595,0.3346354166666667,0.16612597447869595,-0.0,0.0,0.02807829948059922,0.16756580641825236,0.5043432286585786,361.79338462168334,19.020867083855123,361.79338462168334,1,0.20111754575522645
0.16430917007739493,0.3346354166666667,0.16430917007739493,-0.0,0.0,0.017967749261838188,0.13404383335998038,0.39196016228755204,219.68245651728782,14.821688720158976,219.68245651728782,2,0.18809073855922545,0.13584709332329492,0.3346354166666667,0.13584709332329492,-0.0,0.0,0.023777725914418166,0.15420027858087082,0.49372839905343247,342.7221449476218,18.51275627635231,342.7221449476218,2,0.16748276414091307
0.22873486800115245,0.3346354166666667,0.22873486800115245,-0.0,0.0,0.03054680611560311,0.17477644611217813,0.4443807098952183,291.7800472719265,17.08157039829554,291.7800472719265,2,0.26025533802463224,0.15143739138468623,0.3346354166666667,0.15143739138468623,-0.0,0.0,0.026860916806416633,0.16389300414116714,0.5140386851480218,372.8705051501941,19.30985513022286,372.8705051501941,2,0.19449698278332106
0.23899809216556026,0.3346354166666667,0.23899809216556026,-0.0,0.0,0.03409644417468067,0.18465222493834368,0.5109960765338948,377.6522209426394,19.43327612479788,377.6522209426394,2,0.27118461608700883,0.14661729321577527,0.3346354166666667,0.14661729321577527,-0.0,0.0,0.024697144731330205,0.1571532523727403,0.5466217284685628,414.3327154049242,20.355164342370813,414.3327154049242,2,0.18949072783574972
0.27727082922053736,0.3346354166666667,0.27727082922053736,-0.0,0.0,0.04612066512507825,0.2147572236854403,0.5078713958156921,388.9834586760954,19.722663579651087,388.9834586760954,2,0.3174838937361808,0.15725184141632123,0.3346354166666667,0.15725184141632123,-0.0,0.0,0.029713416278046537,0.17237579957188462,0.5043995773600409,363.8855078596581,19.075783282991505,363.8855078596581,2,0.20411243237907453
0.22728795380530115,0.3346354166666667,0.22728795380530115,-0.0,0.0,0.031300012947030664,0.17691809672000958,0.49103432422340926,348.6437154196437,18.67200351916322,348.6437154196437,2,0.25699396759231036,0.1623780268711532,0.3346354166666667,0.1623780268711532,-0.0,0.0,0.030021227887741975,0.17326634955392226,0.5581092892808032,437.2181398219715,20.909761830828476,437.2181398219715,2,0.21270226305686704
0.2751795130354841,0.3346354166666667,0.2751795130354841,-0.0,0.0,0.04439154472834616,0.21069301063003054,0.4924050123355589,367.20063290656134,19.16247982142607,367.20063290656134,2,0.3123510526956596,0.17208197456727697,0.3346354166666667,0.17208197456727697,-0.0,0.0,0.029445064084490446,0.17159564121646692,0.5056012298930579,364.81016770296054,19.100004390129353,364.81016770296054,2,0.2199871811493571
0.2124998388475076,0.3346354166666667,0.2124998388475076,-0.0,0.0,0.028298183707254652,0.16822063995614406,0.5763731394516121,461.448488088508,21.48135210103191,461.448488088508,2,0.241402887567263,0.17993373158787332,0.3346354166666667,0.17993373158787332,-0.0,0.0,0.02841091955500133,0.16855539016893328,0.5310434944068297,397.29957535918726,19.93237505565223,397.29957535918726,2,0.2173978383282994
0.23977389712618802,0.3346354166666667,0.23977389712618802,-0.0,0.0,0.03504487589286382,0.18720276678741643,0.4997944315838738,364.7143381050538,19.097495597723118,364.7143381050538,2,0.27215496581345033,0.19963382372230515,0.3346354166666667,0.19963382372230515,-0.0,0.0,0.0323512330583861,0.17986448526150486,0.49318690544819965,352.7037407517796,18.7804084287797,352.7037407517796,2,0.23293455195054846
0.24882232658109685,0.3346354166666667,0.24882232658109685,-0.0,0.0,0.03766405958919846,0.19407230505458128,0.5185049194138754,392.50550766822516,19.811751756677783,392.50550766822516,2,0.2830612995640542,0.17008455767872185,0.3346354166666667,0.17008455767872185,-0.0,0.0,0.026416010097041472,0.1625300282933633,0.5374983493618034,403.65716304147,20.091221044064746,403.65716304147,2,0.19967366589740107
0.2428964671748838,0.3346354166666667,0.2428964671748838,-0.0,0.0,0.03567162091092033,0.18886932231286355,0.5050615666263271,372.3037105471868,19.295173244808836,372.3037105471868,2,0.27614251674689977,0.18493198614540485,0.3346354166666667,0.18493198614540485,-0.0,0.0,0.02902764204967909,0.17037500418100976,0.5267976267913863,392.44089622968175,19.810121055402004,392.44089622968175,2,0.21790747301102645
0.26145290648213826,0.3346354166666667,0.26145290648213826,-0.0,0.0,0.041434886747034036,0.2035556109446115,0.5174735464660747,395.96243429101366,19.898804845794476,395.96243429101366,2,0.29723958873463174,0.18901590800063642,0.3346354166666667,0.18901590800063642,-0.0,0.0,0.03365452505032206,0.18345169677689563,0.5257116934262209,396.7578371640671,19.9187810160177,396.7578371640671,2,0.23164036751123976
0.2377707351615297,0.3346354166666667,0.2377707351615297,-0.0,0.0,0.03573881670813958,0.18904712827266004,0.5267068999804004,400.9322759037049,20.02329333310844,400.9322759037049,2,0.26968471543512523,0.15237699756351247,0.3346354166666667,0.15237699756351247,-0.0,0.0,0.02755475326422412,0.16599624472928332,0.4870109512606618,338.8762776774287,18.408592495827286,338.8762776774287,2,0.19331562170425606
0.2550389896728871,0.3346354166666667,0.2550389896728871,-0.0,0.0,0.03929729852551904,0.19823546233083283,0.5173237127697703,392.8803966702686,19.821210777101097,392.8803966702686,2,0.2893704692860966,0.13855170984304827,0.3346354166666667,0.13855170984304827,-0.0,0.0,0.023178519192359696,0.15224493158184182,0.5244494696143438,381.77929667648107,19.539173387748036,381.77929667648107,2,0.1817517623068852
0.2697048568534124,0.3346354166666667,0.2697048568534124,-0.0,0.0,0.042000125453736,0.2049393213947387,0.5213504367238098,401.6715425292911,20.04174499711268,401.6715425292911,2,0.3045215799003464,0.15916695687308607,0.3346354166666667,0.15916695687308607,-0.0,0.0,0.0287182837723402,0.16946469771707676,0.5111327592206018,371.2447434021202,19.267712458984857,371.2447434021202,2,0.21103114161185144
0.23883915550817764,0.3346354166666667,0.23883915550817764,-0.0,0.0,0.03315999141565953,0.18209885067089118,0.505449701833712,369.3768922509036,19.21918032203516,369.3768922509036,2,0.26899361147407386,0.15973405215450504,0.3346354166666667,0.15973405215450504,-0.0,0.0,0.027674063273815927,0.16635523218046352,0.5435360657350369,413.43138608125076,20.333012223506156,413.43138608125076,2,0.21126817305524
0.2857613891529979,0.3346354166666667,0.2857613891529979,-0.0,0.0,0.04663217250180959,0.21594483671023393,0.519098437239394,404.4961099491383,20.112088652080327,404.4961099491383,2,0.3232018175840928,0.15476862422691223,0.3346354166666667,0.15476862422691223,-0.0,0.0,0.02742718452582669,0.16561154707877918,0.5052910276339034,361.964285072331,19.025358999827862,361.964285072331,2,0.20304344116552497
0.2641926067727191,0.3346354166666667,0.2641926067727191,-0.0,0.0,0.04124369568001749,0.20308543935993414,0.4807395572928477,348.5203162055692,18.668698835365287,348.5203162055692,2,0.30318334806226555,0.149086242970508,0.3346354166666667,0.149086242970508,-0.0,0.0,0.026413297212552887,0.1625216822844044,0.5043240030955852,359.46281615763365,18.959504639036158,359.46281615763365,2,0.19508531750496325
0.25374383284084695,0.3346354166666667,0.25374383284084695,-0.0,0.0,0.03937888549522626,0.19844113861602955,0.45977569172725563,320.8474638849217,17.912215493481582,320.8474638849217,2,0.2901326262143264,0.16677497269715982,0.3346354166666667,0.16677497269715982,-0.0,0.0,0.03164788353287617,0.1778985203223348,0.4920575850568526,350.64079371378335,18.725405034705748,350.64079371378335,2,0.21533914380373878
0.283407132550047,0.3346354166666667,0.283407132550047,-0.0,0.0,0.04824556782994971,0.21964873737390275,0.5092590131016188,393.4617699867675,19.835870789727572,393.4617699867675,2,0.325284238256804,0.13717781456452055,0.3346354166666667,0.13717781456452055,-0.0,0.0,0.022485321920484587,0.149951065086196,0.480032220300884,323.9271500859663,17.997976277514265,323.9271500859663,2,0.17740456430619755
0.2753135399871829,0.3346354166666667,0.2753135399871829,-0.0,0.0,0.0458366971972224,0.21409506579373191,0.5204196336825674,405.1150714777806,20.127470568299948,405.1150714777806,2,0.31605277172413737,0.1667794503709878,0.3346354166666667,0.1667794503709878,-0.0,0.0,0.032067087726648694,0.17907285591805558,0.5205747588511604,388.18527701162907,19.702418049864566,388.18527701162907,2,0.21603777396504323
0.26063775712575143,0.3346354166666667,0.26063775712575143,-0.0,0.0,0.04067837511986282,0.20168880762169927,0.5019086643751708,374.2580980648083,19.345751421560454,374.2580980648083,2,0.29753289144964823,0.15679060463891153,0.3346354166666667,0.15679060463891153,-0.0,0.0,0.028816995954196182,0.16975569490946743,0.53830938471791,407.89614264263173,20.196438860418727,407.89614264263173,2,0.20460971673324743
0.2635196671244119,0.3346354166666667,0.2635196671244119,-0.0,0.0,0.040115441214904984,0.2002883951079168,0.5205056923362675,398.02783811643934,19.950635030405408,398.02783811643934,2,0.2967467409589729,0.16157741042138543,0.3346354166666667,0.16157741042138543,-0.0,0.0,0.02868165944135802,0.1693566043629773,0.5061269570796226,364.70748830184766,19.097316259146144,364.70748830184766,2,0.21280923371553942
0.25945277929260124,0.3346354166666667,0.25945277929260124,-0.0,0.0,0.040412065666722646,0.20102752464954307,0.4974111588962817,368.3911996178417,19.193519729790097,368.3911996178417,2,0.29458039717849954,0.16321045607967816,0.3346354166666667,0.16321045607967816,-0.0,0.0,0.027849988567677033,0.16688315843031326,0.4961945640568559,350.7873173360833,18.729317054716205,350.7873173360833,2,0.20962695752905988
0.20678026556171636,0.3346354166666667,0.20678026556171636,-0.0,0.0,0.028429359208206738,0.1686100803872851,0.4936035914702028,348.33119718877816,18.66363301152212,348.33119718877816,2,0.2358338735327441,0.10386730394225337,0.3346354166666667,0.10386730394225337,-0.0,0.0,0.011234015158810609,0.10599063712805301,0.4932116613487019,325.68756877684456,18.046816028785923,325.68756877684456,2,0.12582894919731932
0.219524771726001,0.3346354166666667,0.219524771726001,-0.0,0.0,0.03147808417416774,0.17742064190552276,0.5020972845814123,363.1341403985641,19.056078830613714,363.1341403985641,2,0.25178813314247367,0.15461525194160183,0.3346354166666667,0.15461525194160183,-0.0,0.0,0.027677764453705445,0.16636635613520376,0.5423300843983251,411.95685516057335,20.296720305521614,411.95685516057335,2,0.18241688872793557
0.2647385390239297,0.3346354166666667,0.2647385390239297,-0.0,0.0,0.041206868636704246,0.202994750268829,0.5310988310178322,414.0865961180755,20.34911782161761,414.0865961180755,2,0.30053608265537546,0.14657425111153552,0.3346354166666667,0.14657425111153552,-0.0,0.0,0.02471045132366118,0.15719558302847184,0.5083730556741619,362.6252852892252,19.042722633311268,362.6252852892252,2,0.18545806042158114
0.2775339786620522,0.3346354166666667,0.2775339786620522,-0.0,0.0,0.044652972962584025,0.2113125007248365,0.5066333313685255,385.96404343283797,19.645967612536623,385.96404343283797,2,0.3167111648461983,0.15237743343933047,0.3346354166666667,0.15237743343933047,-0.0,0.0,0.026412305796472132,0.16251863215173862,0.5090558251007679,365.6472161151347,19.121904092300397,365.6472161151347,2,0.19890436229189254
0.26559761224691336,0.3346354166666667,0.26559761224691336,-0.0,0.0,0.042643188010001026,0.2065022711981663,0.5173991308253515,397.2245947559218,19.930494092117282,397.2245947559218,2,0.30118364800709135,0.14095545956387845,0.3346354166666667,0.14095545956387845,-0.0,0.0,0.020743165239850387,0.14402487715617182,0.57202553609416,445.4367120402267,21.105371639471947,445.4367120402267,2,0.1816511055552562
0.2399016490916989,0.3346354166666667,0.2399016490916989,-0.0,0.0,0.034893632718904374,0.18679837450819634,0.5130512665026101,381.171383415758,19.5236109215421,381.171383415758,2,0.2733097599262632,0.18771645789221186,0.3346354166666667,0.18771645789221186,-0.0,0.0,0.02972283570220869,0.17240311975776046,0.5076581154978528,367.94405429611936,19.181867852118035,367.94405429611936,2,0.22227473142329063
0.2042385278987889,0.3346354166666667,0.2042385278987889,-0.0,0.0,0.02847812699173197,0.16875463546739086,0.478866544509126,329.9326013673935,18.164046943547397,329.9326013673935,2,0.23317329856179725,0.10496717977950457,0.3346354166666667,0.10496717977950457,-0.0,0.0,0.018905085643687498,0.13749576591185453,0.5569530817557163,421.1413613283824,20.521729004359802,421.1413613283824,2,0.13184318619558671
0.24487420568933818,0.3346354166666667,0.24487420568933818,-0.0,0.0,0.03676220588455945,0.19173472790436127,0.5012254461426011,368.7748102532159,19.203510362775237,368.7748102532159,2,0.2797305090947695,0.14822974008317122,0.3346354166666667,0.14822974008317122,-0.0,0.0,0.026165474182713765,0.16175745479795905,0.47666754090575336,323.57647340062607,17.988231525100684,323.57647340062607,2,0.19032384233530555
0.2648835789208648,0.3346354166666667,0.2648835789208648,-0.0,0.0,0.043226734998694054,0.20791040137206712,0.49599316166816737,370.4131876041702,19.246121365204218,370.4131876041702,2,0.3053291758986325,0.1496184609227944,0.3346354166666667,0.1496184609227944,-0.0,0.0,0.026450626606091255,0.16263648608504566,0.5470355387026152,416.6548681818395,20.4121255184716,416.6548681818395,2,0.19463994238199522
0.26998726604436085,0.3346354166666667,0.26998726604436085,-0.0,0.0,0.043054854409991766,0.20749663710525953,0.5195760038693591,400.8543885382625,20.021348319687725,400.8543885382625,2,0.30687969495447703,0.16605415050672456,0.3346354166666667,0.16605415050672456,-0.0,0.0,0.03029690950735724,0.1740600744207506,0.4904391524328978,346.3358832213198,18.61010164457249,346.3358832213198,2,0.21592692165329547
0.22651887847733657,0.3346354166666667,0.22651887847733657,-0.0,0.0,0.03064345858791642,0.17505273087820258,0.4846926624597636,340.03790531619586,18.440116738139047,340.03790531619586,2,0.25563117327047363,0.1574602204164487,0.3346354166666667,0.1574602204164487,-0.0,0.0,0.025698132657417144,0.16030637123151764,0.5552515004404291,427.58616770376926,20.678156777231603,427.58616770376926,2,0.2040600385179628
0.24822404512843374,0.3346354166666667,0.24822404512843374,-0.0,0.0,0.037727031031719906,0.19423447436467067,0.493333951155141,359.7858945843493,18.968022948751123,359.7858945843493,2,0.2821437561488765,0.1740189661510371,0.3346354166666667,0.1740189661510371,-0.0,0.0,0.028439575412763377,0.1686403730213005,0.5169264369712562,378.54341001776146,19.456192073932694,378.54341001776146,2,0.21232304816707687
0.1558587578373806,0.3346354166666667,0.1558587578373806,-0.0,0.0,0.017700626223684717,0.1330437004284108,0.5295504653140006,381.5521315526835,19.53335945383393,381.5521315526835,2,0.1780375547614682,0.11188826287984113,0.3346354166666667,0.11188826287984113,-0.0,0.0,0.014132482794700252,0.11888011942583272,0.6585751348164415,573.375857586276,23.945267958122248,573.375857586276,2,0.13131678682463002
0.19524015619195395,0.3346354166666667,0.19524015619195395,-0.0,0.0,0.026182845236391694,0.16181114064362717,0.5365457254027095,402.03172384859556,20.050728761034986,402.03172384859556,2,0.22586322339284506,0.13641684815607677,0.3346354166666667,0.13641684815607677,-0.0,0.0,0.022723051782401388,0.15074167234842986,0.49743589430716667,345.79525978979365,18.595570972406136,345.79525978979365,2,0.16398317705337231
0.23095866941630327,0.3346354166666667,0.23095866941630327,-0.0,0.0,0.0329087871982603,0.18140779255109274,0.481346623323194,338.31047776351994,18.39321825465897,338.31047776351994,2,0.2637999213236539,0.12964230409073094,0.3346354166666667,0.12964230409073094,-0.0,0.0,0.02320055576764965,0.15231728650304158,0.5940659019196437,481.2507490617476,21.937428041175373,481.2507490617476,2,0.16289696691783992
0.19733241276635444,0.3346354166666667,0.19733241276635444,-0.0,0.0,0.025614771147351452,0.16004615317886103,0.5259721688439747,386.60418924775627,19.66225290366687,386.60418924775627,2,0.2255584158368743,0.11186584377524333,0.3346354166666667,0.11186584377524333,-0.0,0.0,0.017096417572713588,0.13075326983564728,0.48677951248195794,325.1866148247829,18.032931398549238,325.1866148247829,2,0.14322891499997512
0.18022861966097864,0.3346354166666667,0.18022861966097864,-0.0,0.0,0.020838131240222695,0.14435418677760162,0.48818769690377467,331.58883716479517,18.20958091678101,331.58883716479517,2,0.20637074341361755,0.13927038251027168,0.3346354166666667,0.13927038251027168,-0.0,0.0,0.026013594522113756,0.16128730428063381,0.4373707424461253,278.1913279481246,16.67906855757013,278.1913279481246,2,0.17675017212940833
0.25167768010187247,0.3346354166666667,0.25167768010187247,-0.0,0.0,0.03765062131921334,0.19403768015314277,0.4564520736907174,314.1248687434807,17.723568171885724,314.1248687434807,2,0.28535076249509544,0.1540077576891674,0.3346354166666667,0.1540077576891674,-0.0,0.0,0.026867582003904853,0.16391333687014262,0.5510921496525171,423.113314639105,20.56971838988334,423.113314639105,2,0.19575487445274453
0.19252188936864273,0.3346354166666667,0.19252188936864273,-0.0,0.0,0.024229892637020516,0.15565954078379043,0.46585073468035004,308.6250603089214,17.56772780722998,308.6250603089214,2,0.21918500359570278,0.15578210835340733,0.3346354166666667,0.15578210835340733,-0.0,0.0,0.02936874940275778,0.17137312917361863,0.5270752976352249,393.0947847972432,19.82661808774364,393.0947847972432,2,0.20193100149675874
0.24427706245308572,0.3346354166666667,0.24427706245308572,-0.0,0.0,0.035919142418372456,0.18952346139296963,0.5073102280309854,375.199650986694,19.370071011400398,375.199650986694,2,0.2782900716904935,0.14881488367033718,0.3346354166666667,0.14881488367033718,-0.0,0.0,0.027638049231928453,0.16624695254929775,0.5391073561318287,407.26015982900947,20.180687793754934,407.26015982900947,2,0.19300630907616143
0.2597482350587044,0.3346354166666667,0.2597482350587044,-0.0,0.0,0.04092715524326178,0.20230461003956826,0.5305181345467516,412.47745605395966,20.309541010420684,412.47745605395966,2,0.2971782893240591,0.14914547461081037,0.3346354166666667,0.14914547461081037,-0.0,0.0,0.026512534669279796,0.16282670134004373,0.5085734095833011,364.9549815428659,19.103794951340582,364.9549815428659,2,0.19123322120221264
0.2697219071223989,0.3346354166666667,0.2697219071223989,-0.0,0.0,0.04266893149121101,0.20656459399231758,0.4908345913495589,362.7991627911535,19.04728754419257,362.7991627911535,2,0.3058773489554953,0.15714249352330717,0.3346354166666667,0.15714249352330717,-0.0,0.0,0.02840460487997739,0.1685366573774898,0.5298437534381807,395.4649924990484,19.886301629489793,395.4649924990484,2,0.20070418864454448
0.23196998475080105,0.3346354166666667,0.23196998475080105,-0.0,0.0,0.03107002459203876,0.17626691292479924,0.4541153971586334,303.42103372600855,17.418984864968696,303.42103372600855,2,0.26290524996314607,0.17232836550308162,0.3346354166666667,0.17232836550308162,-0.0,0.0,0.0324837108534659,0.18023238014703657,0.4896258828352825,348.20547492248943,18.660264599476864,348.20547492248943,2,0.219115905730455
0.2505204896511586,0.3346354166666667,0.2505204896511586,-0.0,0.0,0.038290545966818475,0.19567970249062236,0.4784065718903785,341.6004359483001,18.482435877023896,341.6004359483001,2,0.2865831477327232,0.17154324901414023,0.3346354166666667,0.17154324901414023,-0.0,0.0,0.028970620173195485,0.17020757965847316,0.4610154588828057,309.0891926820033,17.580932645397493,309.0891926820033,2,0.2112957704027683
0.24363093209405315,0.3346354166666667,0.24363093209405315,-0.0,0.0,0.03665942744227526,0.1914665178099692,0.5187952703446709,391.0366640342279,19.774647001507457,391.0366640342279,2,0.27907028114507726,0.17917459279193165,0.3346354166666667,0.17917459279193165,-0.0,0.0,0.027401356461263942,0.1655335508628506,0.4840307154245306,334.8633114863316,18.299270791108906,334.8633114863316,2,0.2114562725381596
0.2799328507928841,0.3346354166666667,0.2799328507928841,-0.0,0.0,0.04577022496340038,0.213939769475898,0.5211476621739615,406.3275902336357,20.157569055658367,406.3275902336357,2,0.31743501812436115,0.1712256419103324,0.3346354166666667,0.1712256419103324,-0.0,0.0,0.028719328756070348,0.1694677808790519,0.4918910572821313,346.47504637957024,18.613840183572282,346.47504637957024,2,0.21927259448729314
0.22516369882187542,0.3346354166666667,0.22516369882187542,-0.0,0.0,0.03137891294541728,0.17714094090700006,0.4375031568684269,285.32370139531184,16.89152750331692,285.32370139531184,2,0.2559562825098928,0.15596543675107646,0.3346354166666667,0.15596543675107646,-0.0,0.0,0.029448538053963833,0.17160576346371306,0.49326286553242255,348.9026163594602,18.678935097040736,348.9026163594602,2,0.20115994183424762
0.24722326503179487,0.3346354166666667,0.24722326503179487,-0.0,0.0,0.03672141775643561,0.19162833234267737,0.5053963617906913,374.13102362355363,19.342466844318324,374.13102362355363,2,0.283068669742442,0.16876972034157892,0.3346354166666667,0.16876972034157892,-0.0,0.0,0.028744276677756947,0.16954137158156102,0.5523169960268616,426.93517699413627,20.662409757676773,426.93517699413627,2,0.20449919939250372
0.22629067522070345,0.3346354166666667,0.22629067522070345,-0.0,0.0,0.03106529259523024,0.17625348959731335,0.5914283316134147,487.198836283765,22.072581097002793,487.198836283765,2,0.25779267611668155,0.1811958044204105,0.3346354166666667,0.1811958044204105,-0.0,0.0,0.02937185138604206,0.17138217931290892,0.5195145095131566,383.0358648670677,19.571302073880208,383.0358648670677,2,0.22380473123650446
0.23938605848978373,0.3346354166666667,0.23938605848978373,-0.0,0.0,0.03357624924340514,0.18323823084554472,0.5508551996412884,431.2487195300593,20.76652882717907,431.2487195300593,2,0.27203194433804384,0.14597032698015597,0.3346354166666667,0.14597032698015597,-0.0,0.0,0.024828028539446035,0.15756912305222123,0.5015226904899607,353.79815407270644,18.80952296239079,353.79815407270644,2,0.1893856846228544
0.24283743990028822,0.3346354166666667,0.24283743990028822,-0.0,0.0,0.03528914531390803,0.18785405322725415,0.5341477101293,410.52716418278084,20.26146994131425,410.52716418278084,2,0.2760503042618221,0.1474600561285067,0.3346354166666667,0.1474600561285067,-0.0,0.0,0.025022794378091726,0.15818594873784372,0.47423978220744795,319.88569351149414,17.885348571148793,319.88569351149414,2,0.18780796999506175
0.23609866811293231,0.3346354166666667,0.23609866811293231,-0.0,0.0,0.035208157471769634,0.1876383688688687,0.5232325311675206,395.7832912450168,19.89430298464907,395.7832912450168,2,0.27443564701225004,0.1627787061323014,0.3346354166666667,0.1627787061323014,-0.0,0.0,0.02863803333968682,0.1692277558194483,0.5113392755027552,371.2153476642516,19.266949620120243,371.2153476642516,2,0.1974639576523513
0.24985840238095927,0.3346354166666667,0.24985840238095927,-0.0,0.0,0.037962043800016824,0.194838506974409,0.5136352226278399,386.3534256707998,19.655875092979194,386.3534256707998,2,0.2837753421254587,0.1847799325225339,0.3346354166666667,0.1847799325225339,-0.0,0.0,0.02998001497655108,0.17314737935224742,0.49599102718414423,353.4129709186328,18.799281127708923,353.4129709186328,2,0.21883764048110352
0.2385219866450373,0.3346354166666667,0.2385219866450373,-0.0,0.0,0.034233490462173284,0.1850229457720671,0.5324762616596612,406.93049344831974,20.172518272350622,406.93049344831974,2,0.2713632107094842,0.18672350336607932,0.3346354166666667,0.18672350336607932,-0.0,0.0,0.0339911382509107,0.1843668577887867,0.5255085014557785,397.0317564665714,19.92565573492053,397.0317564665714,2,0.2361170301873444
0.2795077671344373,0.3346354166666667,0.2795077671344373,-0.0,0.0,0.04592867873426355,0.21430977283890615,0.5049753181075507,385.20405790224686,19.626616058359293,385.20405790224686,2,0.3188706343706731,0.157127668488628,0.3346354166666667,0.157127668488628,-0.0,0.0,0.02744703999141213,0.16567148213078836,0.5102342133507042,368.42070442165306,19.194288328084816,368.42070442165306,2,0.20598380739276825
0.2554106019996726,0.3346354166666667,0.2554106019996726,-0.0,0.0,0.039053812661601496,0.19762037511755082,0.5286625058680533,407.4952856426187,20.18651246854242,407.4952856426187,2,0.29230548582197546,0.17026500238751313,0.3346354166666667,0.17026500238751313,-0.0,0.0,0.03000864327840236,0.17323002995555464,0.5139075219156757,376.68265927722416,19.40831417916621,376.68265927722416,2,0.21107476240576997
0.21154387952065606,0.3346354166666667,0.21154387952065606,-0.0,0.0,0.02805724689114661,0.16750297576803408,0.5419324430356007,412.03028597299306,20.298529157872327,412.03028597299306,2,0.24047473146395051,0.14793429717216533,0.3346354166666667,0.14793429717216533,-0.0,0.0,0.02583785776608666,0.16074158692163848,0.5200560766249567,379.3865834800267,19.477848533142122,379.3865834800267,2,0.18491488462805922
0.09672320269581938,0.3346354166666667,0.09672320269581938,-0.0,0.0,0.008542577415101277,0.0924260645873299,0.48553516009347286,312.61178117115827,17.680830895949384,312.61178117115827,2,0.11140730069518871,0.06061800655960732,0.3346354166666667,0.06061800655960732,-0.0,0.0,0.00933783644705753,0.0966324813251607,0.5022126271086063,334.8375320167967,18.298566392392512,334.8375320167967,2,0.07773845407177807
0.1102019602865801,0.3346354166666667,0.1102019602865801,-0.0,0.0,0.010800326257810121,0.10392461815089879,0.6060916064678343,483.9017901989942,21.997767845829134,483.9017901989942,2,0.1264188726738914,0.10672360798454668,0.3346354166666667,0.10672360798454668,-0.0,0.0,0.01990593930572117,0.14108840953714508,0.39787449027190275,228.08746241618425,15.102564762853502,228.08746241618425,2,0.12887322692622105
0.1949558269610075,0.3346354166666667,0.1949558269610075,-0.0,0.0,0.02472562527613681,0.15724384018503493,0.5328766302405304,395.14824156023974,19.878335985696584,395.14824156023974,2,0.22199416683345594,0.10428846489702423,0.3346354166666667,0.10428846489702423,-0.0,0.0,0.01794479126368995,0.1339581698280846,0.4141944179777165,242.56143756795012,15.574384018893014,242.56143756795012,2,0.1357172149432525
0.15640171662137242,0.3346354166666667,0.15640171662137242,-0.0,0.0,0.020333570956228755,0.14259583078136875,0.5372680589633675,395.62645125899763,19.89036076241448,395.62645125899763,2,0.18067671420564393,0.06634632507311604,0.3346354166666667,0.06634632507311604,-0.0,0.0,0.00841716186014738,0.09174509174962647,0.48573669397978,312.7810498137893,17.68561703231723,312.7810498137893,2,0.08182771014966696
0.2176361619771916,0.3346354166666667,0.2176361619771916,-0.0,0.0,0.031702626516728456,0.17805231398869395,0.45651888599415685,306.7087354995884,17.513101824051283,306.7087354995884,2,0.24891895466657413,0.12740722500251844,0.3346354166666667,0.12740722500251844,-0.0,0.0,0.022855307651366827,0.15117971970924812,0.48812304509881055,334.25918205148946,18.282756412846762,334.25918205148946,2,0.15829917610684044
0.17558073496648824,0.3346354166666667,0.17558073496648824,-0.0,0.0,0.022096491122431755,0.14864888537231538,0.3959677990011256,228.89874315834325,15.129399960287362,228.89874315834325,2,0.20004668949247942,0.09561355424849637,0.3346354166666667,0.09561355424849637,-0.0,0.0,0.016778013723102086,0.1295299722963843,0.5372371880428655,390.9109840968894,19.7714689413025,390.9109840968894,2,0.12349486145952918
0.14511306568040405,0.3346354166666667,0.14511306568040405,-0.0,0.0,0.015804864844028856,0.12571740072093782,0.5822067481929387,454.3077626677215,21.314496537983754,454.3077626677215,2,0.16706719335791378,0.09261225972117004,0.3346354166666667,0.09261225972117004,-0.0,0.0,0.014385231536208644,0.119938448948653,0.4519105958332778,279.8470189458478,16.728628722816698,279.8470189458478,2,0.11151659523058537
0.20646840457670743,0.3346354166666667,0.20646840457670743,-0.0,0.0,0.02739814327735674,0.16552384504160342,0.5033020036191396,359.46082497653674,18.959452127541468,359.46082497653674,2,0.237077932171162,0.1691158343089072,0.3346354166666667,0.1691158343089072,-0.0,0.0,0.029071961946144552,0.1705050202960152,0.5035170659721877,361.9278471868499,19.024401362115178,361.9278471868499,2,0.20270897401038582
0.23776134140690078,0.3346354166666667,0.23776134140690078,-0.0,0.0,0.033846473107553704,0.18397410988384671,0.566595833847393,454.31318111204286,21.31462364462584,454.31318111204286,2,0.2694445882801664,0.13374233428858123,0.3346354166666667,0.13374233428858123,-0.0,0.0,0.022975447373838137,0.15157653965517928,0.5578951073837795,427.7795942076433,20.68283332156509,427.7795942076433,2,0.17548653683087362
0.07704930028643919,0.3346354166666667,0.07704930028643919,-0.0,0.0,0.015771766712870953,0.12558569469836503,0.38670572255642965,211.63849664042792,14.547800405574305,211.63849664042792,2,0.09922061890221309,0.05943544718777064,0.3346354166666667,0.05943544718777064,-0.0,0.0,0.0041850122376030936,0.06469167054268342,0.33708061748262846,150.77254702432896,12.27894730929036,150.77254702432896,2,0.07036950754092018
0.19388763188945507,0.3346354166666667,0.19388763188945507,-0.0,0.0,0.028255493422082594,0.1680937042904421,0.42123122102907085,263.04398484575256,16.21863079442135,263.04398484575256,2,0.22072408532648619,0.06980341808672834,0.3346354166666667,0.06980341808672834,-0.0,0.0,0.012590565126939795,0.1122076874681044,0.6869949810896108,620.4735306419651,24.90930610518818,620.4735306419651,2,0.08899272161161097
0.13450637849542638,0.3346354166666667,0.13450637849542638,-0.0,0.0,0.012769059713481181,0.11300026421863438,0.5249971817438881,369.05466088794407,19.210795425696045,369.05466088794407,2,0.15360842432393768,0.09797863093822608,0.3346354166666667,0.09797863093822608,-0.0,0.0,0.015259826496384337,0.1235306702660693,0.40755458836821795,232.22595625936572,15.238961784169081,232.22595625936572,2,0.12281938134815233
0.16388520463372744,0.3346354166666667,0.16388520463372744,-0.0,0.0,0.019257028025107162,0.13876969418827428,0.4032663706973747,232.870177722511,15.260084459874754,232.870177722511,2,0.1910367639648971,0.12434295520946707,0.3346354166666667,0.12434295520946707,-0.0,0.0,0.02472228617291656,0.15723322223027983,0.5796577014241716,461.9522854988831,21.49307529179766,461.9522854988831,2,0.15255911389550308
0.2121408526014144,0.3346354166666667,0.2121408526014144,-0.0,0.0,0.030407128999164385,0.17437640035040403,0.5099455930515722,371.8632999365106,19.283757412301956,371.8632999365106,2,0.24679656751951085,0.13216662261818932,0.3346354166666667,0.13216662261818932,-0.0,0.0,0.018562074966807496,0.13624270610497832,0.5376208151193053,393.942205843254,19.8479773741118,393.942205843254,2,0.15587302350626606
0.12923181861346686,0.3346354166666667,0.12923181861346686,-0.0,0.0,0.016314779347914247,0.12772932062731035,0.46326771999202265,295.6917222481845,17.19568905999944,295.6917222481845,2,0.14894769771619407,0.09302936441769431,0.3346354166666667,0.09302936441769431,-0.0,0.0,0.018360893292865738,0.13550237375362004,0.49352077933473976,335.36305710611447,18.312920496363066,335.36305710611447,2,0.11235745975380833
0.16911013126367097,0.3346354166666667,0.16911013126367097,-0.0,0.0,0.019309893635608838,0.1389600433060124,0.3668269283403029,197.0963866670756,14.039102060569101,197.0963866670756,2,0.19248171517837043,0.11018261486990019,0.3346354166666667,0.11018261486990019,-0.0,0.0,0.016916250582797613,0.13006248722363267,0.6355409576746768,538.7080417780804,23.210084915356955,538.7080417780804,2,0.13734451737291997
0.1692753622585256,0.3346354166666667,0.1692753622585256,-0.0,0.0,0.02071477406385139,0.1439262799625259,0.4696185292635113,308.8743543703336,17.574821602802505,308.8743543703336,2,0.19533182054,0.11704691436101937,0.3346354166666667,0.11704691436101937,-0.0,0.0,0.020884828860438725,0.14451584293923875,0.5188453494361204,371.4042953414374,19.271852410742394,371.4042953414374,2,0.15284802946527268
0.18563562519764973,0.3346354166666667,0.18563562519764973,-0.0,0.0,0.02188173172630183,0.1479247502154451,0.3953607290178698,228.15878664128996,15.104925906514403,228.15878664128996,2,0.21203266170078694,0.12065671373076763,0.3346354166666667,0.12065671373076763,-0.0,0.0,0.01916460432937396,0.1384362825612345,0.633857907125669,538.9851419712086,23.2160535399798,538.9851419712086,2,0.16061900787877198
0.2344285355065418,0.3346354166666667,0.2344285355065418,-0.0,0.0,0.03401418684168661,0.18442935460952686,0.4952779144739064,357.6702059660449,18.91217084223926,357.6702059660449,2,0.26657527497735245,0.1426106626539059,0.3346354166666667,0.1426106626539059,-0.0,0.0,0.026893816350162494,0.16399334239585,0.45964024435005635,304.91382499145817,17.461781838960714,304.91382499145817,2,0.18789310063426468
0.19898243210025032,0.3346354166666667,0.19898243210025032,-0.0,0.0,0.025839236361820738,0.16074587510048505,0.5723832110956228,452.40767977682214,21.269877286360213,452.40767977682214,2,0.23046179640247552,0.13206101355009986,0.3346354166666667,0.13206101355009986,-0.0,0.0,0.02143075333686898,0.14639246338821196,0.5154260035935893,367.55344502751865,19.17168341663086,367.55344502751865,2,0.1716476147440714
0.0782629944189714,0.3346354166666667,0.0782629944189714,-0.0,0.0,0.009613637517071689,0.09804915867600134,0.47644451971117247,302.87196704346485,17.40321714636305,302.87196704346485,2,0.09208048505535002,0.05694121908827025,0.3346354166666667,0.05694121908827025,-0.0,0.0,0.011641501343300454,0.107895789275117,0.5161800385047076,355.9671578123298,18.86709192780726,355.9671578123298,2,0.07320181672025289
0.129320850613957,0.3346354166666667,0.129320850613957,-0.0,0.0,0.015071691036505986,0.12276681569750836,0.6008438847425213,481.47364008335126,21.94250760700224,481.47364008335126,2,0.15080387454301686,0.09302863215008043,0.3346354166666667,0.09302863215008043,-0.0,0.0,0.019211394222230383,0.13860517386530122,0.5157287614984427,365.0398292838526,19.106015526107285,365.0398292838526,2,0.1281681530550801
0.1737037702799315,0.3346354166666667,0.1737037702799315,-0.0,0.0,0.019319763333705726,0.1389955514889082,0.4778815643948164,317.0529835550553,17.80598167906098,317.0529835550553,2,0.19862310611808995,0.10351366908248294,0.3346354166666667,0.10351366908248294,-0.0,0.0,0.015228739086526095,0.12340477740560167,0.45088342796378506,279.7211245805183,16.724865457770303,279.7211245805183,2,0.1357880808659845
0.11424114842026438,0.3346354166666667,0.11424114842026438,-0.0,0.0,0.01231530658475039,0.11097435102198341,0.35876598548383276,180.52375116192542,13.435912740187225,180.52375116192542,2,0.13043237588868745,0.0965582058959065,0.3346354166666667,0.0965582058959065,-0.0,0.0,0.01765809047025311,0.1328837479538153,0.5712143766830223,440.256177151027,20.982282458088942,440.256177151027,2,0.12504609508635303
0.23400883200036943,0.3346354166666667,0.23400883200036943,-0.0,0.0,0.03351363899753705,0.18306730728761225,0.500055753684877,362.8529217332416,19.04869868870946,362.8529217332416,2,0.2684618364505853,0.14786224741910747,0.3346354166666667,0.14786224741910747,-0.0,0.0,0.028012957302600023,0.1673707181755519,0.5515082991735334,425.4470846789101,20.626368674076154,425.4470846789101,2,0.19257290641829106
0.2710059776155102,0.3346354166666667,0.2710059776155102,-0.0,0.0,0.04391260537811086,0.20955334733215517,0.5035908741804815,380.8093702823942,19.514337556842513,380.8093702823942,2,0.31134652919288336,0.15868696164063603,0.3346354166666667,0.15868696164063603,-0.0,0.0,0.03146317536264975,0.17737862149269779,0.5145313045145231,379.1143463449171,19.470858901058193,379.1143463449171,2,0.2041875903645084
0.14869455908617799,0.3346354166666667,0.14869455908617799,-0.0,0.0,0.01698066825542931,0.1303098931602252,0.4209434113576906,248.5230928113368,15.764615212917086,248.5230928113368,2,0.17183784929761836,0.08290062476095443,0.3346354166666667,0.08290062476095443,-0.0,0.0,0.014777372193854938,0.12156221532143505,0.5451773092640554,399.33347619676755,19.9833299576614,399.33347619676755,2,0.1064065218135998
0.1598849878899577,0.3346354166666667,0.1598849878899577,-0.0,0.0,0.019244681781858838,0.13872520240338032,0.4845520379909565,325.1755053391166,18.03262336264795,325.1755053391166,2,0.18483137293608637,0.08649729752889365,0.3346354166666667,0.08649729752889365,-0.0,0.0,0.016348076438768195,0.12785959658456691,0.47761254924277874,312.88344815345727,17.688511756319617,312.88344815345727,2,0.11193351750093179
0.11969350728366393,0.3346354166666667,0.11969350728366393,-0.0,0.0,0.014146629732414524,0.11893960539876751,0.5208483731508605,365.2768418702739,19.112217084113343,365.2768418702739,2,0.1380968557044682,0.05926269330836954,0.3346354166666667,0.05926269330836954,-0.0,0.0,0.011181924748532156,0.10574462042360432,0.5567188586979296,411.08547835332854,20.275242991227714,411.08547835332854,2,0.07588675823349622
0.25589120088706174,0.3346354166666667,0.25589120088706174,-0.0,0.0,0.03792468128094631,0.19474260263472476,0.4633631482249802,323.24626580904595,17.979050748274947,323.24626580904595,2,0.2896762138665147,0.16069971037458727,0.3346354166666667,0.16069971037458727,-0.0,0.0,0.028983080365086934,0.17024417865256636,0.5273144951263701,393.011304307116,19.824512712980262,393.011304307116,2,0.2061907776404631
0.2008051483680519,0.3346354166666667,0.2008051483680519,-0.0,0.0,0.02685921280629363,0.16388780554481053,0.44989275425987313,293.4964967647724,17.131739455314293,293.4964967647724,2,0.22611169613431187,0.11468413016383046,0.3346354166666667,0.11468413016383046,-0.0,0.0,0.0186652820100404,0.13662094279443543,0.4325282590278793,263.3640415429265,16.228494740515107,263.3640415429265,2,0.14861319928413036
0.17119624006415207,0.3346354166666667,0.17119624006415207,-0.0,0.0,0.03209003748223221,0.17913692383825341,0.48425035592391596,341.2961563254347,18.474202454380396,341.2961563254347,2,0.2214576021154328,0.09146885626802623,0.3346354166666667,0.09146885626802623,-0.0,0.0,0.019404485429062295,0.13929998359318746,0.4797177102238427,319.58910824560616,17.877055357233925,319.58910824560616,2,0.11871648397511246
0.26591769956997646,0.3346354166666667,0.26591769956997646,-0.0,0.0,0.04181778845295448,0.20449398145900158,0.5049154974994569,380.0428196129095,19.49468695857693,380.0428196129095,2,0.2999722576488769,0.1654680327630731,0.3346354166666667,0.1654680327630731,-0.0,0.0,0.027656254497865733,0.16630169721883697,0.5623499382876577,440.2131840772491,20.981257924091423,440.2131840772491,2,0.21043586173798018
0.2833753414197655,0.3346354166666667,0.2833753414197655,-0.0,0.0,0.047253180226998384,0.21737796628683043,0.5144730945397801,399.5485334851129,19.98871015061034,399.5485334851129,2,0.32075815703895877,0.17225316692495396,0.3346354166666667,0.17225316692495396,-0.0,0.0,0.028288455140142176,0.1681917213781409,0.482695072393584,334.54907475245005,18.290682730626816,334.54907475245005,2,0.21287737912380303
0.26799634869150646,0.3346354166666667,0.26799634869150646,-0.0,0.0,0.04346156534070168,0.20847437574124472,0.5117675265746999,391.1186092535884,19.776718869761698,391.1186092535884,2,0.30443818137497514,0.16771335770253815,0.3346354166666667,0.16771335770253815,-0.0,0.0,0.027987722173307517,0.16729531425986657,0.49583748220281465,350.5341421809777,18.722557041733847,350.5341421809777,2,0.20721997226852262
0.2627826158205545,0.3346354166666667,0.2627826158205545,-0.0,0.0,0.040927384214204325,0.2023051759451654,0.49530954602814276,366.67497786593395,19.14875917300998,366.67497786593395,2,0.2969724719284309,0.18978205310165608,0.3346354166666667,0.18978205310165608,-0.0,0.0,0.03247573526867663,0.18021025295103668,0.5324872966326702,404.6218090854001,20.115213374095738,404.6218090854001,2,0.23374126602153725
0.2010842346175071,0.3346354166666667,0.2010842346175071,-0.0,0.0,0.026329112957917046,0.16226248167064697,0.568716529201536,447.9621548331749,21.165116461601976,447.9621548331749,2,0.22792405201163082,0.14297030013464684,0.3346354166666667,0.14297030013464684,-0.0,0.0,0.025242410954763813,0.1588786044587622,0.4787842492459263,325.81233691043224,18.050272488536905,325.81233691043224,2,0.17616981065532808
0.24866421923999987,0.3346354166666667,0.24866421923999987,-0.0,0.0,0.03765729090905233,0.19405486571857025,0.5177507411402145,391.57685794954205,19.788301037470145,391.57685794954205,2,0.2830474008374972,0.16368919715496338,0.3346354166666667,0.16368919715496338,-0.0,0.0,0.026663519334341697,0.16328967920337678,0.4914983194603506,343.4188896153816,18.531564683409268,343.4188896153816,2,0.20387829806765212
0.2745240346069316,0.3346354166666667,0.2745240346069316,-0.0,0.0,0.04518660091256837,0.21257140191608176,0.5102257202489551,391.34356627240624,19.78240547234856,391.34356627240624,2,0.3108846130913979,0.1633848910471557,0.3346354166666667,0.1633848910471557,-0.0,0.0,0.02488843387280182,0.15776068544729963,0.5273684221893518,387.8592068406162,19.69414143446259,387.8592068406162,2,0.20096633022503424
0.2721325520510752,0.3346354166666667,0.2721325520510752,-0.0,0.0,0.043679469966536606,0.20899633960080882,0.49985521218269546,375.9069199553985,19.388319162717497,375.9069199553985,2,0.3073706509679249,0.15896828621487352,0.3346354166666667,0.15896828621487352,-0.0,0.0,0.024381244510635326,0.15614494711848773,0.5290577734119888,389.621444825742,19.738830888017205,389.621444825742,2,0.19769047804882628
0.27767154927517945,0.3346354166666667,0.27767154927517945,-0.0,0.0,0.044896783392989706,0.21188861081471488,0.5202059965782708,404.13758284378565,20.103173452064368,404.13758284378565,2,0.3144029246089463,0.1855936381378424,0.3346354166666667,0.1855936381378424,-0.0,0.0,0.03221909633659373,0.1794967864241411,0.5136795651124646,379.1314927509728,19.471299205522286,379.1314927509728,2,0.234411905287015
0.2779363369696324,0.3346354166666667,0.2779363369696324,-0.0,0.0,0.04540754849399981,0.2130904702092513,0.5052150482157726,385.1199649262632,19.62447362163539,385.1199649262632,2,0.3151001726459002,0.18587963768335825,0.3346354166666667,0.18587963768335825,-0.0,0.0,0.03271082962216128,0.18086135469514011,0.5073091520873433,371.4146465703113,19.272120967094185,371.4146465703113,2,0.23726678265663645
0.25616295863683286,0.3346354166666667,0.25616295863683286,-0.0,0.0,0.039081227803340265,0.1976897260945552,0.5322938715320602,412.89827522740643,20.3198985043579,412.89827522740643,2,0.28933671812953793,0.16484591997443038,0.3346354166666667,0.16484591997443038,-0.0,0.0,0.029579126404178986,0.17198583198676276,0.4921918545291302,348.0439398943634,18.655935781792437,348.0439398943634,2,0.2106324978583311
0.24533835751109515,0.3346354166666667,0.24533835751109515,-0.0,0.0,0.03663543772358959,0.1914038602630302,0.4722884300715576,332.657383084064,18.238897529293375,332.657383084064,2,0.27703032521687604,0.11249710511629936,0.3346354166666667,0.11249710511629936,-0.0,0.0,0.016163672198383692,0.12713643143640493,0.561842671011989,424.7018308512392,20.60829519516933,424.7018308512392,2,0.14356893649851538
0.25205349327140675,0.3346354166666667,0.25205349327140675,-0.0,0.0,0.039078753059220046,0.1976834668332687,0.4999154261366462,370.12505756953357,19.238634503766985,370.12505756953357,2,0.2837555102192933,0.1115247560138293,0.3346354166666667,0.1115247560138293,-0.0,0.0,0.01746790214566317,0.13216619138669,0.4658012773098191,300.1499208499491,17.324835377282785,300.1499208499491,2,0.14340559079233062
0.21595100096374759,0.3346354166666667,0.21595100096374759,-0.0,0.0,0.029540836588962928,0.17187447916710302,0.4884969376867399,343.2843449273815,18.527934178622868,343.2843449273815,2,0.24643138707625406,0.11434121225761158,0.3346354166666667,0.11434121225761158,-0.0,0.0,0.02269293970548652,0.15064175950076567,0.3790186593043223,212.90830874665284,14.591377890612415,212.90830874665284,2,0.14674176298928512
0.11963585167041454,0.3346354166666667,0.11963585167041454,-0.0,0.0,0.0122995533880271,0.11090335156354428,0.5168942078538483,357.5581198758453,18.909207277827523,357.5581198758453,2,0.13782641778736035,0.06618003834210173,0.3346354166666667,0.06618003834210173,-0.0,0.0,0.011172748582488888,0.10570122318350383,0.6375899120445209,534.7321333008996,23.12427584381616,534.7321333008996,2,0.08446006407132861
0.21447818513661518,0.3346354166666667,0.21447818513661518,-0.0,0.0,0.030230814896955668,0.1738701092682571,0.5331337201364833,402.1236479723641,20.053020918863176,402.1236479723641,2,0.24747610225205918,0.14069383415603895,0.3346354166666667,0.14069383415603895,-0.0,0.0,0.020032099352515098,0.14153479908670905,0.5002012095717879,345.89998408952863,18.598386599098554,345.89998408952863,2,0.1696515995084211
0.2604392784477222,0.3346354166666667,0.2604392784477222,-0.0,0.0,0.040383734576756085,0.2009570465964209,0.48862129831716533,357.29934238357777,18.902363407351416,357.29934238357777,2,0.29509813855292844,0.1677161570632652,0.3346354166666667,0.1677161570632652,-0.0,0.0,0.029031834672754105,0.17038730783938721,0.5048629365780376,363.3568955775459,19.061922662143658,363.3568955775459,2,0.2071435810338825
0.2541134268107812,0.3346354166666667,0.2541134268107812,-0.0,0.0,0.03773818412590581,0.19426318263094994,0.5459103185268331,429.9276775514651,20.73469743091191,429.9276775514651,2,0.2879957483936045,0.17804210887761707,0.3346354166666667,0.17804210887761707,-0.0,0.0,0.034696710724632845,0.1862705310150611,0.5051550855770202,370.91648313407785,19.25919217241673,370.91648313407785,2,0.22766540771284352
0.22911427606319984,0.3346354166666667,0.22911427606319984,-0.0,0.0,0.03240179883637007,0.18000499669834188,0.47807223359334244,334.20151172944014,18.281179166821822,334.20151172944014,2,0.2640515844941323,0.17388808274279186,0.3346354166666667,0.17388808274279186,-0.0,0.0,0.029920486870365373,0.17297539382919574,0.4700212375933095,320.7005256294517,17.90811340229483,320.7005256294517,2,0.21011757117798296
0.2067229350127004,0.3346354166666667,0.2067229350127004,-0.0,0.0,0.02713086269558865,0.1647144884203835,0.47339357657796205,321.1870318286868,17.921691656444903,321.1870318286868,2,0.23365707341040093,0.10985412440157752,0.3346354166666667,0.10985412440157752,-0.0,0.0,0.01718120208407827,0.1310770845116654,0.5857927898906523,461.12904814887395,21.47391552905231,461.12904814887395,2,0.13930923164820358
0.2510949124352987,0.3346354166666667,0.2510949124352987,-0.0,0.0,0.03685290005558724,0.19197109171848567,0.510392570531635,380.8035430986645,19.51418825108194,380.8035430986645,2,0.28535532084337456,0.16825534892749563,0.3346354166666667,0.16825534892749563,-0.0,0.0,0.026872205106882846,0.16392743854182204,0.5534284334461885,426.54067287053044,20.65286113037442,426.54067287053044,2,0.20309253646049527
0.1808096666711444,0.3346354166666667,0.1808096666711444,-0.0,0.0,0.021888164256041388,0.14794649119205697,0.4387683445250507,274.5110468533229,16.56837490079588,274.5110468533229,2,0.20454102134601976,0.12086846452466946,0.3346354166666667,0.12086846452466946,-0.0,0.0,0.017619989724216033,0.13274030934202327,0.5107003308577307,356.40030352800807,18.87856730602214,356.40030352800807,2,0.15402322872432514
0.20078526616279158,0.3346354166666667,0.20078526616279158,-0.0,0.0,0.025312988198118117,0.15910056001824166,0.5356626784773748,399.5503983320998,19.98875679806275,399.5503983320998,2,0.22802059044645348,0.16216119653114408,0.3346354166666667,0.16216119653114408,-0.0,0.0,0.025046254292363856,0.15826008433071131,0.4214234458185589,259.58195876968335,16.111547373535647,259.58195876968335,2,0.19448749295011825
0.2752475913130163,0.3346354166666667,0.2752475913130163,-0.0,0.0,0.04452812120201455,0.2110168742115534,0.5072415720669975,386.63158801504153,19.662949626519453,386.63158801504153,2,0.31215794257243995,0.16837851852374708,0.3346354166666667,0.16837851852374708,-0.0,0.0,0.02875070806373498,0.16956033753131944,0.5465098326170081,419.2733685743236,20.476165866058118,419.2733685743236,2,0.2142859109496465
0.26122624737808076,0.3346354166666667,0.26122624737808076,-0.0,0.0,0.0399873942146032,0.19996848305321316,0.5124032554408774,387.1090161789403,19.67508617970809,387.1090161789403,2,0.29650657594066127,0.16713338726668026,0.3346354166666667,0.16713338726668026,-0.0,0.0,0.02959704882230694,0.1720379284411055,0.5162123492439996,378.84280119548305,19.4638845350943,378.84280119548305,2,0.20851614949248554
0.2510925037988307,0.3346354166666667,0.2510925037988307,-0.0,0.0,0.03711296566218188,0.19264725708450114,0.49766554287328635,364.2781482445079,19.086072100998358,364.2781482445079,2,0.28478045732903023,0.1913763000971835,0.3346354166666667,0.1913763000971835,-0.0,0.0,0.03256337041576546,0.18045323609114206,0.4972836913194619,358.3067202748415,18.928991528204598,358.3067202748415,2,0.23199970511513784
0.25861237123006175,0.3346354166666667,0.25861237123006175,-0.0,0.0,0.040558073898826645,0.2013903520500092,0.5164853086632516,393.47015170535286,19.836082065401747,393.47015170535286,2,0.2944408154959616,0.15195417370566755,0.3346354166666667,0.15195417370566755,-0.0,0.0,0.026955353509473288,0.16418085609922153,0.47026445430533725,317.66241859159646,17.823086674075185,317.66241859159646,2,0.1961856926330481
0.21451796880168922,0.3346354166666667,0.21451796880168922,-0.0,0.0,0.028171803127878602,0.1678445802755591,0.4395811616983986,283.5431814908365,16.838740495976428,283.5431814908365,2,0.24502281782629326,0.15852426074092843,0.3346354166666667,0.15852426074092843,-0.0,0.0,0.02608992390188117,0.16152375646288433,0.5350548951737488,399.4902122002026,19.987251241734132,399.4902122002026,2,0.19424423569867863
0.24062665904815508,0.3346354166666667,0.24062665904815508,-0.0,0.0,0.03477739535913144,0.18648698442285844,0.5062244248396089,372.3907712930819,19.297429136884578,372.3907712930819,2,0.2721825567976005,0.17860365221956695,0.3346354166666667,0.17860365221956695,-0.0,0.0,0.02899653146335594,0.1702836793804854,0.49348299074690116,348.6631246157776,18.67252325251672,348.6631246157776,2,0.21864565586056683
0.24492165082243034,0.3346354166666667,0.24492165082243034,-0.0,0.0,0.036542245404960316,0.19116026105067005,0.5205497836433487,393.5619177112793,19.838395038694014,393.5619177112793,2,0.2768589023856936,0.13891825114050999,0.3346354166666667,0.13891825114050999,-0.0,0.0,0.022810863855814843,0.15103265824256304,0.5745360876675195,451.80820256568444,21.255780450637054,451.80820256568444,2,0.178591306974349
0.2478624988226698,0.3346354166666667,0.2478624988226698,-0.0,0.0,0.03588609892056754,0.18943626611757194,0.5431092846254014,423.7783790998108,20.5858781474051,423.7783790998108,2,0.2825233138447043,0.18757670866865309,0.3346354166666667,0.18757670866865309,-0.0,0.0,0.03320978062494033,0.18223550868296862,0.513971110367108,380.7896644661168,19.51383264420695,380.7896644661168,2,0.22593968253508454
0.2551168374278209,0.3346354166666667,0.2551168374278209,-0.0,0.0,0.039041607159075065,0.19758949151985555,0.5219940673143909,398.814184728032,19.970332614356526,398.814184728032,2,0.2886058885796144,0.16073114786634563,0.3346354166666667,0.16073114786634563,-0.0,0.0,0.02589906788742454,0.16093187343539048,0.4949724379725905,346.8661051262422,18.624341736722997,346.8661051262422,2,0.20183344111803248
0.2555894457977022,0.3346354166666667,0.2555894457977022,-0.0,0.0,0.03859891058018532,0.19646605452389304,0.5256847939051049,402.96888372666734,20.074084878934514,402.96888372666734,2,0.28960134758857065,0.1651075793416319,0.3346354166666667,0.1651075793416319,-0.0,0.0,0.03090602311492139,0.17580108962950539,0.5334430839777854,403.9679164661354,20.09895311866107,403.9679164661354,2,0.20959929544724032
0.24570218989991788,0.3346354166666667,0.24570218989991788,-0.0,0.0,0.036503687742027544,0.19105938276365164,0.5156582120607326,386.98822002042454,19.672016165620253,386.98822002042454,2,0.2808478974937931,0.18529519910508702,0.3346354166666667,0.18529519910508702,-0.0,0.0,0.030233525356519367,0.17387790358903965,0.5267125755118401,394.09428077433296,19.851807997619083,394.09428077433296,2,0.22088766213088964
0.26253136299778423,0.3346354166666667,0.26253136299778423,-0.0,0.0,0.041287878861864274,0.20319419002979458,0.48056588977034914,348.6919617668696,18.673295417972415,348.6919617668696,2,0.2979217607287699,0.16612151882991563,0.3346354166666667,0.16612151882991563,-0.0,0.0,0.029920150455206056,0.17297442139000221,0.4738706327798584,325.87494276133316,18.052006613153374,325.87494276133316,2,0.21555981754633993
0.2559614099688772,0.3346354166666667,0.2559614099688772,-0.0,0.0,0.0394690665839265,0.19866823244778342,0.5193583437524327,395.5124231017103,19.887494138319948,395.5124231017103,2,0.2938033729407051,0.1619484191213842,0.3346354166666667,0.1619484191213842,-0.0,0.0,0.026846315661133067,0.16384845333762862,0.514115251405053,372.66374018909573,19.304500516436466,372.66374018909573,2,0.19869821187099487
0.16265189603853505,0.3346354166666667,0.16265189603853505,-0.0,0.0,0.01729783481593669,0.1315212333273099,0.468852404147859,303.44658595859687,17.419718308818798,303.44658595859687,2,0.18482153031822102,0.09235986393900904,0.3346354166666667,0.09235986393900904,-0.0,0.0,0.027293991610167115,0.1652089332032839,0.5295995818394871,393.85134746900235,19.84568838486089,393.85134746900235,2,0.11668556803218637
0.25032243036646706,0.3346354166666667,0.25032243036646706,-0.0,0.0,0.03630002932232062,0.19052566578369598,0.4989973774805443,365.28581266825535,19.112451770200895,365.28581266825535,2,0.2805849365617393,0.17676656231107396,0.3346354166666667,0.17676656231107396,-0.0,0.0,0.03526511943653548,0.1877900940852192,0.4857530824051125,347.25123227267585,18.634678217577996,347.25123227267585,2,0.22517722263018083
0.26737582486489675,0.3346354166666667,0.26737582486489675,-0.0,0.0,0.04103237499186719,0.20256449588184794,0.5034464620717211,377.159505828752,19.42059488864211,377.159505828752,2,0.30074775997490377,0.16472657276564923,0.3346354166666667,0.16472657276564923,-0.0,0.0,0.029701673883189544,0.17234173575541573,0.5096472335381239,370.43523558210256,19.246694146842533,370.43523558210256,2,0.20666548047237954
0.20485706539122525,0.3346354166666667,0.20485706539122525,-0.0,0.0,0.02600110778434138,0.16124859002280106,0.4584377553603262,302.43431657832053,17.39063876280341,302.43431657832053,2,0.2327547063509061,0.10907073354976901,0.3346354166666667,0.10907073354976901,-0.0,0.0,0.01437627906349824,0.1199011220276868,0.5212506033547495,365.96355757614623,19.130174007994444,365.96355757614623,2,0.13271603937636026
0.1517533164968479,0.3346354166666667,0.1517533164968479,-0.0,0.0,0.018716912141684878,0.13680976625111557,0.4484166276230916,281.2870240917428,16.77161364006883,281.2870240917428,2,0.1734285994032332,0.10815575234867789,0.3346354166666667,0.10815575234867789,-0.0,0.0,0.018271412168971456,0.13517178762216417,0.5548982878052772,417.3019763104603,20.427970440316884,417.3019763104603,2,0.12852681905090146
0.15436286030808719,0.3346354166666667,0.15436286030808719,-0.0,0.0,0.016875373724008245,0.12990524902408002,0.44889043701620174,279.17393203409114,16.708498796543367,279.17393203409114,2,0.17556428641555283,0.11443466670290683,0.3346354166666667,0.11443466670290683,-0.0,0.0,0.014741521331868996,0.12141466687294825,0.38451171911027954,208.13188706759428,14.4267767386757,208.13188706759428,2,0.1390418160256098
0.2751668835946536,0.3346354166666667,0.2751668835946536,-0.0,0.0,0.043778247240305365,0.20923251955732255,0.522901800331869,405.65227483047784,20.140811176079225,405.65227483047784,2,0.3110379170125375,0.17709162834881784,0.3346354166666667,0.17709162834881784,-0.0,0.0,0.030690427928768936,0.17518683720179704,0.531857551424699,401.42781083310945,20.03566347374375,401.42781083310945,2,0.23066827163643297
0.19765620931402716,0.3346354166666667,0.19765620931402716,-0.0,0.0,0.02506419678537487,0.15831676091107622,0.5741168992792995,453.9341696914517,21.305730911927235,453.9341696914517,2,0.2251035860840843,0.13532216520918625,0.3346354166666667,0.13532216520918625,-0.0,0.0,0.024058572493093646,0.1551082605572432,0.4854761038748139,332.4953890308895,18.234456093640127,332.4953890308895,2,0.1757045367976344
0.0944379238821897,0.3346354166666667,0.0944379238821897,-0.0,0.0,0.020345901234962938,0.14263905928939288,0.514594813584042,365.00203985967335,19.1050265600358,365.00203985967335,2,0.13265275831093953,0.09443792388218966,0.3346354166666667,0.09443792388218966,-0.0,0.0,0.02034590123496298,0.14263905928939302,0.48540518641595787,327.668200836672,18.10160768651978,327.668200836672,2,0.13265275831093948
0.14866197339812082,0.3346354166666667,0.14866197339812082,-0.0,0.0,0.017720678900825265,0.13311904033918387,0.4611599480510895,295.064109968735,17.177430249275794,295.064109968735,2,0.16828707401320836,0.10855970282712638,0.3346354166666667,0.10855970282712638,-0.0,0.0,0.01745447830166954,0.13211539767063316,0.5674252623169225,434.4011381267893,20.842292055500742,434.4011381267893,2,0.13787530694599745
0.09349539955286088,0.3346354166666667,0.09349539955286088,-0.0,0.0,0.022256117427466904,0.14918484315595504,0.49667486454139403,344.22755523634714,18.553370454888974,344.22755523634714,2,0.12356917978283402,0.08923318568765558,0.3346354166666667,0.08923318568765558,-0.0,0.0,0.026107428882605824,0.16157793439268192,0.44464355822603835,286.55556672961325,16.927952230840365,286.55556672961325,2,0.11630537840386776
0.13671829429839083,0.3346354166666667,0.13671829429839083,-0.0,0.0,0.01420009951466347,0.1191641704316506,0.3197712499942449,149.17043051422652,12.213534726451083,149.17043051422652,2,0.1563673312777541,0.08000027223982473,0.3346354166666667,0.08000027223982473,-0.0,0.0,0.012226054013865667,0.11057148825020702,0.6996612497019026,642.3353106810686,25.344334883383084,642.3353106810686,2,0.10104379090201013
0.1650026908849123,0.3346354166666667,0.1650026908849123,-0.0,0.0,0.017285362027866534,0.1314738073833208,0.640333600569281,547.1839766278069,23.391963932680106,547.1839766278069,2,0.19050551331926235,0.159268187336929,0.3346354166666667,0.159268187336929,-0.0,0.0,0.029766750135628395,0.17253043249128078,0.4909806505473718,346.76577884098714,18.621648123648647,346.76577884098714,2,0.19638989736153734
0.2152933117978466,0.3346354166666667,0.2152933117978466,-0.0,0.0,0.029589029937920494,0.17201462129109982,0.5188791775138313,382.70287332462397,19.56279308597379,382.70287332462397,2,0.2529756007667301,0.17632038449136317,0.3346354166666667,0.17632038449136317,-0.0,0.0,0.030402876495311818,0.17436420646254155,0.4867421801282726,342.30948146896156,18.501607537426622,342.30948146896156,2,0.21245084631907385
0.24635491782612745,0.3346354166666667,0.24635491782612745,-0.0,0.0,0.037347113669436854,0.19325401333332473,0.5119219011978071,383.3447013948771,19.579190519397812,383.3447013948771,2,0.2816620889524307,0.20236964430324966,0.3346354166666667,0.20236964430324966,-0.0,0.0,0.03351588012343593,0.18307342822877365,0.5221744439393633,392.0228402455815,19.79956666812639,392.0228402455815,2,0.2368396191851393
0.19407847502130904,0.3346354166666667,0.19407847502130904,-0.0,0.0,0.025563137845925312,0.15988476427078757,0.5038774538821796,357.85579602894535,18.91707683625949,357.85579602894535,2,0.22041874798451078,0.15421106926673395,0.3346354166666667,0.15421106926673395,-0.0,0.0,0.026427925225953528,0.1625666793225276,0.5033317660539652,358.1643034002741,18.925229282634177,358.1643034002741,2,0.19008290247632775
0.26055089708289597,0.3346354166666667,0.26055089708289597,-0.0,0.0,0.03886823563772333,0.19715028693289627,0.5310272313289426,410.77123086190414,20.26749197266164,410.77123086190414,2,0.2930397381803933,0.18398426466246523,0.3346354166666667,0.18398426466246523,-0.0,0.0,0.03359712620446244,0.18329518871062175,0.5443757280443541,422.12486835743584,20.545677607648667,422.12486835743584,2,0.23806665953743825
0.27958343578181466,0.3346354166666667,0.27958343578181466,-0.0,0.0,0.04405687159663692,0.20989728820696307,0.5044612228481037,382.1098507659395,19.54763031075479,382.1098507659395,2,0.31579176947234056,0.1669101111416504,0.3346354166666667,0.1669101111416504,-0.0,0.0,0.02961316693749342,0.17208476672121045,0.4651968938114725,314.9682758305092,17.7473455995681,314.9682758305092,2,0.21583517492613527
0.2654455096751769,0.3346354166666667,0.2654455096751769,-0.0,0.0,0.04190627077565543,0.2047102117034112,0.5237557850883575,404.58005326453053,20.1141754308878,404.58005326453053,2,0.30218349378525194,0.15439517058127877,0.3346354166666667,0.15439517058127877,-0.0,0.0,0.027612885997199,0.16617125502685173,0.5216839836268503,383.8886483410458,19.593076540988804,383.8886483410458,2,0.19713733686264878
0.13007050327649508,0.3346354166666667,0.13007050327649508,-0.0,0.0,0.010879589917571875,0.10430527272181342,0.26489171753849655,103.66556758319078,10.181628925824727,103.66556758319078,2,0.14805292417088958,0.10897175909420365,0.3346354166666667,0.10897175909420365,-0.0,0.0,0.016534764568650787,0.12858757548321217,0.5948001850686733,474.1967318096153,21.776058684013858,474.1967318096153,2,0.13647479219403438
0.14642857266592588,0.3346354166666667,0.14642857266592588,-0.0,0.0,0.021677739185491946,0.14723362111111696,0.49781671771291824,345.2285054571628,18.580325762945137,345.2285054571628,1,0.17230480963321348,0.13346798389679249,0.3346354166666667,0.13346798389679249,-0.0,0.0,0.01233412854746297,0.11105912185616709,0.5315086467010551,376.68436525384135,19.40835812875065,376.68436525384135,2,0.15416857212676804
0.25464996514619054,0.3346354166666667,0.25464996514619054,-0.0,0.0,0.039058950565108254,0.19763337411760254,0.5288235936354969,408.23701633203774,20.204876053369833,408.23701633203774,2,0.2900272527363424,0.17871167863055237,0.3346354166666667,0.17871167863055237,-0.0,0.0,0.026817536467420376,0.16376060719055843,0.5220740503260219,383.3477440363419,19.57926822014403,383.3477440363419,2,0.21181161531388498
0.21873936443765601,0.3346354166666667,0.21873936443765601,-0.0,0.0,0.029520593805601302,0.17181558079988352,0.5061364621296113,365.931846877169,19.129345176381992,365.931846877169,2,0.2494881381443589,0.18765881230555492,0.3346354166666667,0.18765881230555492,-0.0,0.0,0.03265321262402332,0.18070199950200694,0.5145573083570008,380.7473108094431,19.51274739265189,380.7473108094431,2,0.22882649758167983
0.2524344385768227,0.3346354166666667,0.2524344385768227,-0.0,0.0,0.03886980283179949,0.19715426151062393,0.511049351010067,384.3242310692765,19.604189120422106,384.3242310692765,2,0.2870175108935995,0.17304697127805518,0.3346354166666667,0.17304697127805518,-0.0,0.0,0.02811109156826449,0.1676636262528772,0.5049626391220854,362.4773310023459,19.038837438308725,362.4773310023459,2,0.21089353104977943
0.24722776144972164,0.3346354166666667,0.24722776144972164,-0.0,0.0,0.03697456936513177,0.19228772546663442,0.4895449802791967,354.34961748869847,18.824176409306688,354.34961748869847,2,0.28241894887336483,0.1670955997328699,0.3346354166666667,0.1670955997328699,-0.0,0.0,0.030794100002920637,0.17548247776607395,0.49482072413313277,352.8065572870889,18.783145564230953,352.8065572870889,2,0.20815621834154768
0.26349295708071213,0.3346354166666667,0.26349295708071213,-0.0,0.0,0.041233283528146245,0.2030598028368644,0.47146379818714484,337.50826623578314,18.37139804793808,337.50826623578314,2,0.29928877596012227,0.17147706372503596,0.3346354166666667,0.17147706372503596,-0.0,0.0,0.03203258487691818,0.1789764925260247,0.5044834346945134,366.8880292851736,19.15432142586037,366.8880292851736,2,0.22450878436052993
0.16692310479533737,0.3346354166666667,0.16692310479533737,-0.0,0.0,0.01960242275392039,0.14000865242519975,0.4692805406256092,307.1116799264618,17.524602133185844,307.1116799264618,2,0.1903382316280686,0.0871806909218713,0.3346354166666667,0.0871806909218713,-0.0,0.0,0.015272705736560506,0.12358278899814693,0.6362153659784888,537.7081943585227,23.18853583904173,537.7081943585227,2,0.11414189700179478
0.17428787781746358,0.3346354166666667,0.17428787781746358,-0.0,0.0,0.02286423816915501,0.15120925292175413,0.5073468393174864,358.77798711633517,18.941435719510153,358.77798711633517,2,0.2002139515830691,0.053254090262013665,0.3346354166666667,0.053254090262013665,-0.0,0.0,0.005626854550750744,0.0750123626527704,0.3563547406799783,169.743091935487,13.028549110913579,169.743091935487,2,0.07085426489389536
0.1810124469517246,0.3346354166666667,0.1810124469517246,-0.0,0.0,0.02273998351799266,0.1507978233198101,0.42799351497676086,263.39942932054606,16.229585001488672,263.39942932054606,2,0.2058192860692106,0.09289379420652974,0.3346354166666667,0.09289379420652974,-0.0,0.0,0.015350858218223148,0.12389858037210574,0.4467843441062159,275.2194412889013,16.58973903619045,275.2194412889013,2,0.11658730257413222
0.18777567874597448,0.3346354166666667,0.18777567874597448,-0.0,0.0,0.023305817126975648,0.15266242866853535,0.46143092428805527,302.2707643422781,17.385935820147218,302.2707643422781,2,0.21108074036133523,0.10369317532506976,0.3346354166666667,0.10369317532506976,-0.0,0.0,0.017432857329426392,0.1320335462275644,0.6069880593848805,493.73273637529667,22.22009757798774,493.73273637529667,2,0.13029035862866403
0.2566850838620468,0.3346354166666667,0.2566850838620468,-0.0,0.0,0.03946590643384336,0.19866027895340166,0.5291961397666238,408.5383027923721,20.212330464159052,408.5383027923721,2,0.29432552086424746,0.1616096670786907,0.3346354166666667,0.1616096670786907,-0.0,0.0,0.02895328022298472,0.17015663437840065,0.4720409496382408,322.2686723365109,17.95184314594217,322.2686723365109,2,0.19871941893580006
0.22797676161021324,0.3346354166666667,0.22797676161021324,-0.0,0.0,0.0334626960049151,0.1829281170430481,0.5149964768475591,382.0650646703557,19.546484713890518,382.0650646703557,2,0.2653648818082584,0.15894245775375265,0.3346354166666667,0.15894245775375265,-0.0,0.0,0.026179837737573364,0.1618018471389414,0.4789965107305513,326.9875958615488,18.082798341560657,326.9875958615488,2,0.18847810070132823
0.2506510288843862,0.3346354166666667,0.2506510288843862,-0.0,0.0,0.03821709136581512,0.19549192148478955,0.5128938384589274,385.5989697650109,19.636674101410627,385.5989697650109,2,0.2850921494368736,0.182323511238445,0.3346354166666667,0.182323511238445,-0.0,0.0,0.027359878046086698,0.16540821638022307,0.5529056553533682,426.35398305587773,20.64834092744203,426.35398305587773,2,0.21632914698455935
0.1903171401261367,0.3346354166666667,0.1903171401261367,-0.0,0.0,0.023500829411249875,0.15329980238490157,0.4102646596981015,245.47695760698537,15.667704286428991,245.47695760698537,2,0.21660880416451786,0.1064213749674913,0.3346354166666667,0.1064213749674913,-0.0,0.0,0.014344044204137263,0.11976662391558536,0.5130113530562123,355.3091565888673,18.849646060042275,355.3091565888673,2,0.1356458546529673
0.2634339516404221,0.3346354166666667,0.2634339516404221,-0.0,0.0,0.04154573828418418,0.20382771716374637,0.5443614071129819,432.6432400445086,20.800077885539483,432.6432400445086,2,0.29891728719822974,0.140075228417767,0.3346354166666667,0.140075228417767,-0.0,0.0,0.024763352351622355,0.15736375806272027,0.4495380374304152,289.97393221433236,17.02862097218481,289.97393221433236,2,0.18361072243597132
0.27332162415598066,0.3346354166666667,0.27332162415598066,-0.0,0.0,0.045338641485348836,0.21292872395557355,0.5048927004836229,384.5423902351974,19.60975242666764,384.5423902351974,2,0.3145783023672948,0.12564787909372513,0.3346354166666667,0.12564787909372513,-0.0,0.0,0.021295002871005622,0.14592807430719293,0.46907584150303955,308.7816551151266,17.57218413046957,308.7816551151266,2,0.16266905777372073
0.26122729376750164,0.3346354166666667,0.26122729376750164,-0.0,0.0,0.04047195708060066,0.20117643271665958,0.5049657555055189,378.391410182907,19.452285474537614,378.391410182907,2,0.29716313184444443,0.14629522297649705,0.3346354166666667,0.14629522297649705,-0.0,0.0,0.027842685523173833,0.16686127628414518,0.5514983071549674,424.56579429520656,20.604994401727133,424.56579429520656,2,0.1886136024287155
0.24292366236599944,0.3346354166666667,0.24292366236599944,-0.0,0.0,0.0363431050582454,0.1906386767113258,0.5032879706701545,370.9249718230056,19.2594125513476,370.9249718230056,2,0.27553777764624543,0.10404825530950186,0.3346354166666667,0.10404825530950186,-0.0,0.0,0.016684712111322636,0.12916931567258005,0.5099985465979939,354.11869615532515,18.818041772600175,354.11869615532515,2,0.13345566614772128
0.24484464858297866,0.3346354166666667,0.24484464858297866,-0.0,0.0,0.03531175973861546,0.18791423506114555,0.5339085917202042,410.28817817243305,20.255571534084964,410.28817817243305,2,0.2769711680381645,0.15574242227557872,0.3346354166666667,0.15574242227557872,-0.0,0.0,0.02960520732119374,0.1720616381451535,0.487998930574358,342.44516901216497,18.505274086383185,342.44516901216497,2,0.2022830728227815
0.2382508476290523,0.3346354166666667,0.2382508476290523,-0.0,0.0,0.03485818055008108,0.18670345618140302,0.49113680019291406,353.45879996059745,18.80049999230333,353.45879996059745,2,0.2704625655738614,0.14411938064754676,0.3346354166666667,0.14411938064754676,-0.0,0.0,0.026383009146232747,0.16242847393924734,0.5109860213740445,367.53794867514534,19.171279265483182,367.53794867514534,2,0.186933849392806
0.2649630923028868,0.3346354166666667,0.2649630923028868,-0.0,0.0,0.04056042807986378,0.20139619678599638,0.5244680552870894,404.2138825933838,20.105071066608637,404.2138825933838,2,0.3013793133222919,0.1564203667761499,0.3346354166666667,0.1564203667761499,-0.0,0.0,0.027570487842908265,0.1660436323467668,0.5139388794414371,372.99531537680554,19.313086635149897,372.99531537680554,2,0.20138440576010772
0.10407015920249388,0.3346354166666667,0.10407015920249388,-0.0,0.0,0.009074925212416641,0.09526240188246694,0.4808393726536448,307.6310660083372,17.53941464269367,307.6310660083372,2,0.1194794689782141,0.09521129554999544,0.3346354166666667,0.09521129554999544,-0.0,0.0,0.014077089946108227,0.11864691292279049,0.633405745097914,531.25257828244,23.048917073963366,531.25257828244,2,0.12131967265370214
0.19670374812565913,0.3346354166666667,0.19670374812565913,-0.0,0.0,0.025379115175094127,0.15930823950786138,0.5782120192378214,460.5636890469544,21.460747634855462,460.5636890469544,2,0.22694572826621817,0.14468639508338593,0.3346354166666667,0.14468639508338593,-0.0,0.0,0.027546864479108566,0.1659724810898137,0.510842609033522,368.84911318694463,19.20544488385897,368.84911318694463,2,0.18379000174472251
0.19053968611307645,0.3346354166666667,0.19053968611307645,-0.0,0.0,0.02303087446998342,0.1517592648571527,0.5083198636812429,360.32804094881783,18.98230863063863,360.32804094881783,2,0.21725527284414364,0.13588669022824035,0.3346354166666667,0.13588669022824035,-0.0,0.0,0.024800233330615207,0.15748089830393783,0.5243581548299611,383.34344077850255,19.579158326611044,383.34344077850255,2,0.1738112697104092
0.24997493838741458,0.3346354166666667,0.24997493838741458,-0.0,0.0,0.03760952120100634,0.1939317436651523,0.5034629786052689,372.75617970611233,19.306894615813086,372.75617970611233,2,0.28499917817392484,0.14656406363087196,0.3346354166666667,0.14656406363087196,-0.0,0.0,0.026691265531162946,0.16337461715689786,0.4859936905684563,336.0596660254252,18.33193023185025,336.0596660254252,2,0.19064030101966015
0.21735374081638836,0.3346354166666667,0.21735374081638836,-0.0,0.0,0.029437667100912376,0.17157408633273374,0.403824170561498,246.54652609278665,15.701800090842662,246.54652609278665,2,0.25042424303697153,0.14885005840386384,0.3346354166666667,0.14885005840386384,-0.0,0.0,0.025749941038749606,0.16046788164224518,0.4888987618534169,338.60661663066975,18.401266712666,338.60661663066975,2,0.19217935675868333
0.21612721933754203,0.3346354166666667,0.21612721933754203,-0.0,0.0,0.029109556212627143,0.17061522854841282,0.44758286987462326,293.8235855433249,17.14128307750983,293.8235855433249,2,0.24898361109430475,0.14237319401325466,0.3346354166666667,0.14237319401325466,-0.0,0.0,0.02635566215240147,0.16234427046373232,0.47149506291045185,318.14635407726183,17.836657592645036,318.14635407726183,2,0.1843050208608694
0.2684807203383828,0.3346354166666667,0.2684807203383828,-0.0,0.0,0.04182874233406459,0.20452076259897084,0.49003316738912045,361.06833242405384,19.00179813659891,361.06833242405384,2,0.30402293946115605,0.1697130614435059,0.3346354166666667,0.1697130614435059,-0.0,0.0,0.03245817712316637,0.1801615306417171,0.5099195534603683,374.37582013289654,19.348793764286615,374.37582013289654,2,0.22189306442011264
0.2556544122443902,0.3346354166666667,0.2556544122443902,-0.0,0.0,0.03814562355319793,0.1953090462656503,0.4730841951271372,335.4244283297552,18.314596046043583,335.4244283297552,2,0.2909752451232871,0.15721084531318738,0.3346354166666667,0.15721084531318738,-0.0,0.0,0.026824891703043596,0.1637830629309502,0.4456651632755684,288.65202889013193,16.989762473034517,288.65202889013193,2,0.2066777617039711
0.27993455481482055,0.3346354166666667,0.27993455481482055,-0.0,0.0,0.04691591717342226,0.21660082449848214,0.5246227969738994,412.30876077769943,20.305387481594618,412.30876077769943,2,0.31875115401570325,0.16986941422817298,0.3346354166666667,0.16986941422817298,-0.0,0.0,0.03070402511126382,0.17522564056456982,0.49340440471623015,351.1000134752723,18.737662967277224,351.1000134752723,2,0.22045998505736755
0.2550388978310113,0.3346354166666667,0.2550388978310113,-0.0,0.0,0.040342625802696604,0.20085473806384704,0.5047567816278012,377.86454722228564,19.43873831353994,377.86454722228564,2,0.29024554145775117,0.1676867459513861,0.3346354166666667,0.1676867459513861,-0.0,0.0,0.029953703402934496,0.17307138239158573,0.5512633095551797,427.4705842923173,20.67536176932141,427.4705842923173,2,0.21263839523688646
0.2712223758103082,0.3346354166666667,0.2712223758103082,-0.0,0.0,0.04432874883216117,0.21054393563377968,0.510914686958179,390.8108761436084,19.768937152604042,390.8108761436084,2,0.3088499045122623,0.17400877941122134,0.3346354166666667,0.17400877941122134,-0.0,0.0,0.028427155086853926,0.1686035441111898,0.5117456996468902,371.7990471784392,19.282091359041925,371.7990471784392,2,0.2110693366599222
0.21306468573815757,0.3346354166666667,0.21306468573815757,-0.0,0.0,0.02919543101128268,0.1708667053913157,0.5360380902898875,405.08765165185036,20.126789402481716,405.08765165185036,2,0.24512471487876897,0.11359542369680398,0.3346354166666667,0.11359542369680398,-0.0,0.0,0.014129702839706715,0.11886842658884114,0.4891057714403001,324.33940023844286,18.00942531671799,324.33940023844286,2,0.1337043592249147
0.20988105446104316,0.3346354166666667,0.20988105446104316,-0.0,0.0,0.028612982882126388,0.1691537255933974,0.5525924007519492,427.1249625144184,20.667001778545877,427.1249625144184,2,0.24481478458671496,0.17437268899713937,0.3346354166666667,0.17437268899713937,-0.0,0.0,0.029476158827911263,0.17168622200954642,0.525871186911708,391.7568531246998,19.79284853487996,391.7568531246998,2,0.21253928766707997
0.22699824882100303,0.3346354166666667,0.22699824882100303,-0.0,0.0,0.031196730535094325,0.17662596223402247,0.5062721529471389,367.60756898787275,19.173094924603923,367.60756898787275,2,0.259633555180718,0.15349967503884093,0.3346354166666667,0.15349967503884093,-0.0,0.0,0.02733267004433123,0.16532595091010735,0.5029854057321812,358.74155181212495,18.94047390674597,358.74155181212495,2,0.1923055059899876
0.2606568453932215,0.3346354166666667,0.2606568453932215,-0.0,0.0,0.0400660333694694,0.2001650153485104,0.5043936592143158,376.2275949329235,19.39658719808522,376.2275949329235,2,0.2965014607426421,0.13650433288897568,0.3346354166666667,0.13650433288897568,-0.0,0.0,0.02561047874522436,0.16003274272855653,0.45542301847681155,297.90565812420397,17.25994374626418,297.90565812420397,2,0.17585437507756138
0.20215926198172812,0.3346354166666667,0.20215926198172812,-0.0,0.0,0.02562721034048208,0.16008500973071177,0.4556768799979056,298.52414663434996,17.277851331527017,298.52414663434996,2,0.23276134745216182,0.11359145047052462,0.3346354166666667,0.11359145047052462,-0.0,0.0,0.0214355488445145,0.14640884141510888,0.5083098113294588,358.1250709640012,18.92419274273017,358.1250709640012,2,0.14859817643350834
0.2716782296165195,0.3346354166666667,0.2716782296165195,-0.0,0.0,0.043899891384108505,0.2095230091997261,0.5131649541435401,393.4215544599122,19.8348570567048,393.4215544599122,2,0.3092506218156599,0.17380282859296398,0.3346354166666667,0.17380282859296398,-0.0,0.0,0.030683996262426586,0.1751684796486702,0.5521466429976694,429.52791726136627,20.725055301768588,429.52791726136627,2,0.21993439806594642
0.24080919047473212,0.3346354166666667,0.24080919047473212,-0.0,0.0,0.035934240551933345,0.18956328904071418,0.5065682213506224,374.7323322299301,19.358004345229652,374.7323322299301,2,0.2775075933064299,0.15882951401607587,0.3346354166666667,0.15882951401607587,-0.0,0.0,0.025263001927879426,0.15894339221206846,0.5237696564601722,383.64138755426643,19.586765622589823,383.64138755426643,2,0.18921446421561666
0.27194729277135365,0.3346354166666667,0.27194729277135365,-0.0,0.0,0.0436032233020786,0.20881384844420306,0.5343439838383927,421.13716321998925,20.521626719633833,421.13716321998925,2,0.3102567808013293,0.1553158871156372,0.3346354166666667,0.1553158871156372,-0.0,0.0,0.02790598216996068,0.1670508370824902,0.4997299474627098,355.64983000415555,18.858680494778937,355.64983000415555,2,0.19841147726455016
0.1739309904863678,0.3346354166666667,0.1739309904863678,-0.0,0.0,0.01926853896373773,0.13881116296515109,0.3516177087196448,182.8636639272819,13.52270919332668,182.8636639272819,2,0.1987542338213572,0.0930333953456022,0.3346354166666667,0.0930333953456022,-0.0,0.0,0.013105741084952036,0.11448030872142176,0.571310406841573,434.65964159217464,20.848492549634724,434.65964159217464,2,0.1220624571425491
0.21740800748254574,0.3346354166666667,0.21740800748254574,-0.0,0.0,0.031447015567236745,0.1773330639425055,0.5219969209309621,388.94626581951616,19.721720660721168,388.94626581951616,2,0.24704145571177147,0.07929844282924167,0.3346354166666667,0.07929844282924167,-0.0,0.0,0.013265120359006203,0.11517430424797974,0.6121279663801372,496.6343517271154,22.28529451739679,496.6343517271154,2,0.09976024170599107
0.08173009652836903,0.3346354166666667,0.08173009652836903,-0.0,0.0,0.007171055956143052,0.08468208757549056,0.5412051068328759,384.10879230469806,19.59869363770703,384.10879230469806,2,0.09458075059671475,0.0787280609965761,0.3346354166666667,0.0787280609965761,-0.0,0.0,0.012145283810621396,0.11020564327937747,0.4080742382142986,228.72629801207069,15.123699878405109,228.72629801207069,2,0.09362051496049682
0.15648380037796192,0.3346354166666667,0.15648380037796192,-0.0,0.0,0.017827489740413493,0.13351962305374251,0.3628195651224352,191.385136128026,13.83420168018473,191.385136128026,2,0.179192614479161,0.1327362203537121,0.3346354166666667,0.1327362203537121,-0.0,0.0,0.023967676091677687,0.1548149737321222,0.4692838473007293,312.56857630301647,17.67960905402086,312.56857630301647,2,0.16461273109228822
0.27715812228363185,0.3346354166666667,0.27715812228363185,-0.0,0.0,0.044942440070356096,0.21199632088872697,0.48200003740042935,355.1464746291509,18.845330313612198,355.1464746291509,2,0.3172265088072114,0.16433827455278135,0.3346354166666667,0.16433827455278135,-0.0,0.0,0.03070560867963615,0.17523015916113344,0.519697430336207,385.16045572711346,19.62550523495162,385.16045572711346,2,0.21280265723191452
0.21738974618996315,0.3346354166666667,0.21738974618996315,-0.0,0.0,0.028676705375049842,0.16934197759282796,0.45932543614438487,306.82906292652535,17.516536841696915,306.82906292652535,2,0.2479333990310622,0.1907087713240037,0.3346354166666667,0.1907087713240037,-0.0,0.0,0.03744017195421323,0.19349463029813832,0.49318120040487,359.259788072154,18.95414962672169,359.259788072154,2,0.2476836321502936
0.24254855301247052,0.3346354166666667,0.24254855301247052,-0.0,0.0,0.03736439538481223,0.1932987205979704,0.4845377302629757,348.03273943889945,18.655635594610533,348.03273943889945,2,0.2799389887767584,0.15932376954907884,0.3346354166666667,0.15932376954907884,-0.0,0.0,0.024763765552758023,0.15736507094256344,0.4681997339801853,312.19652605881157,17.669083905477713,312.19652605881157,2,0.19041972773227864
0.13207303344279375,0.3346354166666667,0.13207303344279375,-0.0,0.0,0.012113192682956287,0.11005995040411515,0.4024517928833399,222.88265684258528,14.929255066565956,222.88265684258528,2,0.15196467831845226,0.09191038261012185,0.3346354166666667,0.09191038261012185,-0.0,0.0,0.013440381685912594,0.11593266013472042,0.3303120563575991,156.67309553028292,12.516912380067335,156.67309553028292,2,0.11652043223056378
0.2497006405140446,0.3346354166666667,0.2497006405140446,-0.0,0.0,0.037394018470185336,0.19337533056257547,0.5242519478404747,399.8299406728636,19.995748064847778,399.8299406728636,2,0.28440550888846616,0.13584809913732815,0.3346354166666667,0.13584809913732815,-0.0,0.0,0.021916510126053102,0.14804225790649472,0.4061190791647749,239.0383596988721,15.460865425288201,239.0383596988721,2,0.17673894951845617
0.20101097167639734,0.3346354166666667,0.20101097167639734,-0.0,0.0,0.02619532402447492,0.16184969578122452,0.541180943156258,408.35001631956425,20.207672214274563,408.35001631956425,2,0.23014204326757406,0.17463410632712542,0.3346354166666667,0.17463410632712542,-0.0,0.0,0.03038221946003303,0.1743049610884126,0.4654769949030416,316.3606301675861,17.78652945820477,316.3606301675861,2,0.21178727647042633
0.238391965758328,0.3346354166666667,0.238391965758328,-0.0,0.0,0.03671265048164075,0.19160545525021136,0.5062703159491596,374.995476696127,19.364799939481095,374.995476696127,2,0.2763458151936412,0.1851658805350436,0.3346354166666667,0.1851658805350436,-0.0,0.0,0.0336602874232634,0.18346740152752858,0.515672104294741,383.5120397212299,19.58346342507448,383.5120397212299,2,0.22049250634923326
0.20755417151171746,0.3346354166666667,0.20755417151171746,-0.0,0.0,0.027895936748743737,0.16702076741753924,0.46930383621405597,317.3735749794247,17.81498175635958,317.3735749794247,2,0.2401374277679065,0.16716278743254753,0.3346354166666667,0.16716278743254753,-0.0,0.0,0.0310986895663474,0.17634820545258575,0.5087825564443788,370.9525302682469,19.260127992000648,370.9525302682469,2,0.20727307733157552
0.257181736269802,0.3346354166666667,0.257181736269802,-0.0,0.0,0.03849771499589025,0.19620834588745262,0.5227668391646414,398.6502881777214,19.966228691911784,398.6502881777214,2,0.29314362639797836,0.1533532606725282,0.3346354166666667,0.1533532606725282,-0.0,0.0,0.02672043539943845,0.16346386573013147,0.4808555187447832,330.1261136482537,18.169372956936453,330.1261136482537,2,0.19693807026748228
0.2667963314588457,0.3346354166666667,0.2667963314588457,-0.0,0.0,0.04111549059019264,0.20276955045122688,0.48133020976861457,348.97550144630225,18.680885992005365,348.97550144630225,2,0.3033382805614218,0.1479420745522544,0.3346354166666667,0.1479420745522544,-0.0,0.0,0.025683834869423834,0.16026176983118537,0.5258283224602054,386.70473520983467,19.66480956454536,386.70473520983467,2,0.1922848523417197
0.23608253275775537,0.3346354166666667,0.23608253275775537,-0.0,0.0,0.03338209382963654,0.1827076731547872,0.47945961689589606,336.58188621504144,18.34616816163641,336.58188621504144,2,0.2689482684119205,0.14329604414472266,0.3346354166666667,0.14329604414472266,-0.0,0.0,0.024972860643699073,0.158028037524039,0.5033447558721775,356.18365776156213,18.87282855752052,356.18365776156213,2,0.18527875209293232
0.18763404904835762,0.3346354166666667,0.18763404904835762,-0.0,0.0,0.022759747358417078,0.15086334000815796,0.5039163679100344,353.9273815130602,18.812957808730136,353.9273815130602,2,0.21600035167168058,0.15303846425538709,0.3346354166666667,0.15303846425538709,-0.0,0.0,0.029279980690858184,0.17111394066778482,0.5419871628221458,413.3836806521475,20.33183908681523,413.3836806521475,2,0.19425866893150995
0.24975045183062675,0.3346354166666667,0.24975045183062675,-0.0,0.0,0.039443908874621375,0.19860490647167148,0.5183213906804921,393.80799215150745,19.84459604404956,393.80799215150745,2,0.29279958899987285,0.15019574720832254,0.3346354166666667,0.15019574720832254,-0.0,0.0,0.02319448157287652,0.15229734591540497,0.46169430163379105,302.60334877405086,17.395497945561974,302.60334877405086,2,0.18400027155143484
0.22134825341971426,0.3346354166666667,0.22134825341971426,-0.0,0.0,0.03144548815097245,0.17732875725886213,0.5267456517046573,395.20853124051894,19.879852394837314,395.20853124051894,2,0.2555002871048503,0.1519313909713932,0.3346354166666667,0.1519313909713932,-0.0,0.0,0.023028786941026398,0.15175238693683338,0.45744265138394263,297.3201145742539,17.24297290417908,297.3201145742539,2,0.1795456939263861
0.07155622463280713,0.3346354166666667,0.07155622463280713,-0.0,0.0,0.007631177603514014,0.08735661167601462,0.5920968481132644,458.5104745586194,21.412857692485126,458.5104745586194,2,0.08277522128125755,0.06343507866237248,0.3346354166666667,0.06343507866237248,-0.0,0.0,0.024148349058875786,0.15539739077241865,0.5714738762110149,449.01784069642997,21.190041073495586,449.01784069642997,2,0.08044689582072348
0.12991139577298147,0.3346354166666667,0.12991139577298147,-0.0,0.0,0.013604929769136145,0.11664017219267188,0.4483634015715982,274.8778857235224,16.579441658980027,274.8778857235224,2,0.148596247120123,0.10989842184331114,0.3346354166666667,0.10989842184331114,-0.0,0.0,0.020581555595277076,0.1434627324264984,0.4762326897050406,316.61582136684757,17.79370173310904,316.61582136684757,2,0.13725614018112825
0.15611144462958546,0.3346354166666667,0.15611144462958546,-0.0,0.0,0.0197080964905193,0.1403855280665329,0.4310324075646975,263.0883904924843,16.21999970691998,263.0883904924843,2,0.1778638661223208,0.06396426587677403,0.3346354166666667,0.06396426587677403,-0.0,0.0,0.008877098985240138,0.09421835800543404,0.6549724398081337,560.5167944540302,23.67523589014543,560.5167944540302,2,0.08459698335725746
0.26569734191131067,0.3346354166666667,0.26569734191131067,-0.0,0.0,0.042079386210956436,0.20513260640609146,0.5183793515847109,397.9564164908818,19.948844991399422,397.9564164908818,2,0.3028764614233785,0.14352426078512742,0.3346354166666667,0.14352426078512742,-0.0,0.0,0.02648719158785058,0.16274886048095877,0.4697037316530633,316.26069777265025,17.783720020643887,316.26069777265025,2,0.18367559554371857
0.20222941871739009,0.3346354166666667,0.20222941871739009,-0.0,0.0,0.028102851133442772,0.16763905014477615,0.4543204735891233,300.3165907645662,17.329644853965306,300.3165907645662,2,0.23166664180119514,0.12335976837858258,0.3346354166666667,0.12335976837858258,-0.0,0.0,0.023381029401349958,0.15290856549372883,0.425851961582292,261.99278505444914,16.18619118429191,261.99278505444914,2,0.15668121839547186
0.23433341113116005,0.3346354166666667,0.23433341113116005,-0.0,0.0,0.03367886366599558,0.18351802000347428,0.4852063445118265,344.57246660167766,18.562663241078248,344.57246660167766,2,0.2643180983400273,0.11459991345634904,0.3346354166666667,0.11459991345634904,-0.0,0.0,0.021352151224025697,0.14612375311367312,0.4871073366205046,330.9677420232479,18.192518847681537,330.9677420232479,2,0.1458186908299213
0.25684995655683984,0.3346354166666667,0.25684995655683984,-0.0,0.0,0.03910375467712467,0.1977466932141336,0.5124840452658109,386.38559739902814,19.656693450299013,386.38559739902814,2,0.2905257875604947,0.17818170106574027,0.3346354166666667,0.17818170106574027,-0.0,0.0,0.03300534234793905,0.18167372497953316,0.5525149816428179,432.493603968499,20.79648056687715,432.493603968499,2,0.2174227661204976
0.1934929655513952,0.3346354166666667,0.1934929655513952,-0.0,0.0,0.02470965940848609,0.15719306412334513,0.5771683793619242,458.1312969628549,21.404001891301892,458.1312969628549,2,0.22413651996574824,0.1758106157545159,0.3346354166666667,0.1758106157545159,-0.0,0.0,0.03173960763307762,0.17815613274057568,0.4739725919243244,327.88222994182314,18.107518602553558,327.88222994182314,2,0.20744188377282566
0.24811238071059716,0.3346354166666667,0.24811238071059716,-0.0,0.0,0.03741018030425401,0.19341711481731397,0.5110533159804187,382.0564192128762,19.546263561429743,382.0564192128762,2,0.281508506175413,0.19682669894626445,0.3346354166666667,0.19682669894626445,-0.0,0.0,0.03188976206197797,0.17857704797083518,0.4879785669833255,345.4758509176776,18.586980683200743,345.4758509176776,2,0.23005498478865472
0.24719385125583287,0.3346354166666667,0.24719385125583287,-0.0,0.0,0.036741597258534306,0.19168097782131202,0.5120879853809546,382.47917142954714,19.557074715548517,382.47917142954714,2,0.2812737296648084,0.18111155751752972,0.3346354166666667,0.18111155751752972,-0.0,0.0,0.029449462375700525,0.17160845659727997,0.4654528977122917,314.81228827186186,17.74295038238742,314.81228827186186,2,0.21198516521472008
0.26341568555012634,0.3346354166666667,0.26341568555012634,-0.0,0.0,0.040715650445122556,0.20178119447838183,0.5170766646479571,394.36521794885357,19.858630817577872,394.36521794885357,2,0.3001616362581932,0.19688314896278883,0.3346354166666667,0.19688314896278883,-0.0,0.0,0.037761480232040706,0.19432313354832642,0.49498109846568344,361.2874453041555,19.00756284493505,361.2874453041555,2,0.23930749614956123
0.2545045755743076,0.3346354166666667,0.2545045755743076,-0.0,0.0,0.03823004029627126,0.19552503751763164,0.5112567073156244,383.6401028838215,19.58673282821363,383.6401028838215,2,0.2875654053960467,0.1568080043162255,0.3346354166666667,0.1568080043162255,-0.0,0.0,0.029801084820755924,0.17262990708668044,0.52209458362702,386.65962855038657,19.66366264332224,386.65962855038657,2,0.19903427733779938
0.27444336835785677,0.3346354166666667,0.27444336835785677,-0.0,0.0,0.04562753962703432,0.21360603836744485,0.5222319160876189,407.69809536560285,20.19153524043189,407.69809536560285,2,0.3140659129807395,0.15929721042013417,0.3346354166666667,0.15929721042013417,-0.0,0.0,0.0287554242432601,0.16957424404448956,0.48353323989735203,335.5841658074444,18.31895646065693,335.5841658074444,2,0.2045553804915623
0.157713425227125,0.3346354166666667,0.157713425227125,-0.0,0.0,0.01692644984036967,0.13010169038244535,0.5123641284133317,357.80237340432467,18.91566476242177,357.80237340432467,2,0.1801922526028726,0.11786849658588916,0.3346354166666667,0.11786849658588916,-0.0,0.0,0.01676274577819187,0.1294710229286533,0.5810701886687489,453.4405792158809,21.294144247090113,453.4405792158809,2,0.15216532697135718
0.2286899180230904,0.3346354166666667,0.2286899180230904,-0.0,0.0,0.03241664080653077,0.1800462185288288,0.4902260577025332,349.3009108775192,18.689593652017134,349.3009108775192,2,0.25847580371999956,0.12460782202429495,0.3346354166666667,0.12460782202429495,-0.0,0.0,0.022411423139059396,0.1497044526360502,0.4483085909952834,285.81243625762437,16.9059881774957,285.81243625762437,2,0.1597014169584785
0.22875806442355326,0.3346354166666667,0.22875806442355326,-0.0,0.0,0.03289127857637764,0.18135952849623768,0.4855864705848776,343.9672160054628,18.546353172671516,343.9672160054628,2,0.2574291396944402,0.08786339675582801,0.3346354166666667,0.08786339675582801,-0.0,0.0,0.01599649926409297,0.12647726777604335,0.4402899316244645,268.6176621891652,16.389559548357763,268.6176621891652,2,0.1138873946698541
0.16073248108213067,0.3346354166666667,0.16073248108213067,-0.0,0.0,0.018268021819481107,0.13515924614868605,0.5852923018782816,462.0172323787292,21.49458611787464,462.0172323787292,2,0.1822761918461076,0.09286863310573781,0.3346354166666667,0.09286863310573781,-0.0,0.0,0.015549988949620706,0.12469959482540713,0.42522212147552707,251.17971631468905,15.848650299463644,251.17971631468905,2,0.11932953252585031
0.17962782653708176,0.3346354166666667,0.17962782653708176,-0.0,0.0,0.022510520250065873,0.15003506340207903,0.5659091253818469,438.84605154252904,20.94865273812445,438.84605154252904,2,0.20311871721460115,0.09633580087578167,0.3346354166666667,0.09633580087578167,-0.0,0.0,0.019888181823391603,0.14102546515928108,0.4099040264618568,240.5678349271699,15.510249350902452,240.5678349271699,2,0.12219593446273037
0.1906328710957314,0.3346354166666667,0.1906328710957314,-0.0,0.0,0.02500986586672028,0.15814507854094062,0.39827767442358675,235.08013212546422,15.332323115740296,235.08013212546422,2,0.21716776840227367,0.10425675669015448,0.3346354166666667,0.10425675669015448,-0.0,0.0,0.018637388832962593,0.136518822266245,0.6204344645300726,516.684826066859,22.73070227834721,516.684826066859,2,0.13074605808393566
0.24890173594782716,0.3346354166666667,0.24890173594782716,-0.0,0.0,0.03847366135907076,0.19614704014863635,0.49520280583196946,363.1731687194195,19.05710284170759,363.1731687194195,2,0.2832209354176872,0.1519556911359443,0.3346354166666667,0.1519556911359443,-0.0,0.0,0.02499567978373744,0.15810022069477778,0.5381200905295399,402.76704923023226,20.06905700899353,402.76704923023226,2,0.18705800512968115
0.21309857784159858,0.3346354166666667,0.21309857784159858,-0.0,0.0,0.028602223929010188,0.16912192030901904,0.5550824144467653,430.99252669332,20.76035950298838,430.99252669332,2,0.24173975991033328,0.14549576123264138,0.3346354166666667,0.14549576123264138,-0.0,0.0,0.023440142582848284,0.15310173932012752,0.526882500651214,385.4452997587005,19.63276087968018,385.4452997587005,2,0.1804912541962033
0.23398123609924645,0.3346354166666667,0.23398123609924645,-0.0,0.0,0.033583873392376715,0.18325903359009812,0.49404606204083157,355.41835937295315,18.852542517468382,355.41835937295315,2,0.264826825427307,0.1550169227941121,0.3346354166666667,0.1550169227941121,-0.0,0.0,0.026105147791014333,0.1615708754417526,0.4344358480731837,274.90712129740047,16.580323317034576,274.90712129740047,2,0.19283941112939168
0.24679382628881932,0.3346354166666667,0.24679382628881932,-0.0,0.0,0.037186625704694075,0.19283834085755372,0.5079787259394914,377.95513883468374,19.441068356309117,377.95513883468374,2,0.2802354453108213,0.16103853339149934,0.3346354166666667,0.16103853339149934,-0.0,0.0,0.028856947415967355,0.16987332755900014,0.4519819418433839,298.5023332152929,17.277220066182316,298.5023332152929,2,0.204937483381069
0.18481250738073712,0.3346354166666667,0.18481250738073712,-0.0,0.0,0.026083161781701728,0.16150282282889586,0.5112363918293084,367.9221377044574,19.181296559525308,367.9221377044574,2,0.21067774797935065,0.05724341933792791,0.3346354166666667,0.05724341933792791,-0.0,0.0,0.00719640506836978,0.08483162775975585,0.6246035990083579,508.64678459585934,22.55319898807837,508.64678459585934,2,0.07582299207203129
0.2712600710706171,0.3346354166666667,0.2712600710706171,-0.0,0.0,0.04188452814269269,0.20465709893060804,0.48200472277694134,351.0652236481835,18.736734604732586,351.0652236481835,2,0.3063112302467448,0.15560184445971342,0.3346354166666667,0.15560184445971342,-0.0,0.0,0.02648369001539027,0.162738102531,0.5423692456088481,410.5612766302342,20.26231172966782,410.5612766302342,2,0.20410441849512345
0.19873982454255357,0.3346354166666667,0.19873982454255357,-0.0,0.0,0.02409449545604846,0.1552240170078344,0.5627680453775045,436.33015414556786,20.888517279729736,436.33015414556786,2,0.22712652375435163,0.1558465949990409,0.3346354166666667,0.1558465949990409,-0.0,0.0,0.02777386623599602,0.166654931628188,0.5107694581234795,369.3405967054428,19.218236045627155,369.3405967054428,2,0.20229755661654505
0.13669133026436026,0.3346354166666667,0.13669133026436026,-0.0,0.0,0.014722151651844016,0.12133487401338502,0.6228465480670781,515.4392206379263,22.703286560274183,515.4392206379263,2,0.1580888874526631,0.09761368592067265,0.3346354166666667,0.09761368592067265,-0.0,0.0,0.01822125043087468,0.13498611199258492,0.504007486497916,348.5154448756349,18.668568367061116,348.5154448756349,2,0.12624035369569353
0.14077298704392935,0.3346354166666667,0.14077298704392935,-0.0,0.0,0.028303463644470377,0.1682363327122604,0.48721670769489583,339.93206656435586,18.43724671864961,339.93206656435586,2,0.18055539366668316,0.13688818411493822,0.3346354166666667,0.13688818411493822,-0.0,0.0,0.012683789911270754,0.11262233309282291,0.37990909968342146,201.08594341916822,14.18047754552604,201.08594341916822,2,0.15613007271622484
0.14738307885858742,0.3346354166666667,0.14738307885858742,-0.0,0.0,0.0165602555231011,0.12868665635216847,0.602966800150717,486.71492482827097,22.06161655065809,486.71492482827097,2,0.1702858607342758,0.14036668891631437,0.3346354166666667,0.14036668891631437,-0.0,0.0,0.027352011676433325,0.16538443601631117,0.49443371133973163,347.7060817724089,18.646878606683984,347.7060817724089,2,0.1778419324491034
0.21915269869162007,0.3346354166666667,0.21915269869162007,-0.0,0.0,0.03177823490218628,0.17826450825160425,0.5414689504524879,416.14766591705484,20.399697691805503,416.14766591705484,2,0.25354535342563833,0.09042532761226711,0.3346354166666667,0.09042532761226711,-0.0,0.0,0.013466332735652897,0.11604452910694625,0.5741872406998484,438.88863626348353,20.94966912062058,438.88863626348353,2,0.11490127745326026
0.2663749456056773,0.3346354166666667,0.2663749456056773,-0.0,0.0,0.04268445109131569,0.20660215655049607,0.5256412571176512,408.5607204912797,20.212885011578127,408.5607204912797,2,0.3039001979728659,0.16166554796056776,0.3346354166666667,0.16166554796056776,-0.0,0.0,0.029627309023905344,0.17212585228229182,0.4759438092121598,327.16896876086355,18.087812713561128,327.16896876086355,2,0.2029309751289769
0.2580061068738312,0.3346354166666667,0.2580061068738312,-0.0,0.0,0.039692413732962194,0.1992295503507504,0.46458459160391574,327.276715812405,18.090790911743053,327.276715812405,2,0.29575487718296484,0.16770115577615,0.3346354166666667,0.16770115577615,-0.0,0.0,0.03124759170466456,0.17676988347754422,0.5118353690802845,374.62369907489705,19.355198244267534,374.62369907489705,2,0.20734705046300173
0.1375417662584101,0.3346354166666667,0.1375417662584101,-0.0,0.0,0.012191431334656756,0.1104148148332313,0.6306353677966732,524.8111425501262,22.908756896656925,524.8111425501262,2,0.15917594425662485,0.11198666522447094,0.3346354166666667,0.11198666522447094,-0.0,0.0,0.01632420319421304,0.12776620521175794,0.5139891915894761,358.7750333484111,18.941357748282226,358.7750333484111,2,0.1387519036262293
0.12039175674150193,0.3346354166666667,0.12039175674150193,-0.0,0.0,0.01243559511218521,0.11151499949417212,0.3780078428737876,198.84670953676414,14.101301696537243,198.84670953676414,2,0.13955432757061972,0.0859205622303348,0.3346354166666667,0.0859205622303348,-0.0,0.0,0.013973200817155655,0.11820829419780854,0.5271837394937006,373.5704556801634,19.327970811240466,373.5704556801634,2,0.10568786803992603
0.2535505831310463,0.3346354166666667,0.2535505831310463,-0.0,0.0,0.03913265891721258,0.19781976371741167,0.4879591350005675,354.94606864184436,18.840012437412145,354.94606864184436,2,0.2912119328563146,0.15987203577709297,0.3346354166666667,0.15987203577709297,-0.0,0.0,0.029389179576493132,0.17143272609537868,0.527559036597901,393.3730155507874,19.833633442987377,393.3730155507874,2,0.19749463208455964
0.191673427051336,0.3346354166666667,0.191673427051336,-0.0,0.0,0.023733645547948632,0.15405728008746822,0.5700856130437622,446.4570347262332,21.12952992203644,446.4570347262332,2,0.22013766284708713,0.11377185110939472,0.3346354166666667,0.11377185110939472,-0.0,0.0,0.018605898460300415,0.1364034400603607,0.4178456355736791,247.05443275088766,15.717965286603977,247.05443275088766,2,0.14075818194047177
0.16632551395431583,0.3346354166666667,0.16632551395431583,-0.0,0.0,0.031394739612635406,0.1771856078033298,0.5048212766360707,366.29622862319536,19.138866962889818,366.29622862319536,2,0.20691836534516397,0.15545037159963954,0.3346354166666667,0.15545037159963954,-0.0,0.0,0.014850535444338703,0.12186277300446885,0.35253523688578947,178.12601915243445,13.346385995932923,178.12601915243445,2,0.17718682793481202
0.20812835742528285,0.3346354166666667,0.20812835742528285,-0.0,0.0,0.02674559264520924,0.1635407981061889,0.46291167580860076,308.6708828197505,17.569031926083763,308.6708828197505,2,0.23562328588058706,0.15752408802152207,0.3346354166666667,0.15752408802152207,-0.0,0.0,0.028919629253983083,0.17005772330001093,0.5141080904837089,374.87074744737794,19.36157915686058,374.87074744737794,2,0.19791213498340815
0.2603114586391849,0.3346354166666667,0.2603114586391849,-0.0,0.0,0.03967161444057574,0.19917734419500563,0.5325362640058237,413.9340555737212,20.345369388972056,413.9340555737212,2,0.2932192951363516,0.15855839171888428,0.3346354166666667,0.15855839171888428,-0.0,0.0,0.02721247067745234,0.16496202798660164,0.5128849641572023,371.1701940748305,19.265777795740053,371.1701940748305,2,0.2007874763698104
0.25365912291426346,0.3346354166666667,0.25365912291426346,-0.0,0.0,0.03745539897844046,0.19353397370601488,0.5265607756236586,403.0359682527471,20.07575573304146,403.0359682527471,2,0.2861567078184716,0.15853457203790597,0.3346354166666667,0.15853457203790597,-0.0,0.0,0.028310009894215903,0.1682557871046815,0.5345855080755882,401.6320753319251,20.0407603481486,401.6320753319251,2,0.20284527108013822
0.23320923257619727,0.3346354166666667,0.23320923257619727,-0.0,0.0,0.03369876543103044,0.18357223491320915,0.4773837827030722,335.0116962887668,18.303324733194426,335.0116962887668,2,0.26379267155731795,0.13179950050860634,0.3346354166666667,0.13179950050860634,-0.0,0.0,0.024042493106239907,0.15505641910685256,0.49947545672098115,349.84449150833854,18.70413033285265,349.84449150833854,2,0.16858956979752288
0.2697346428977805,0.3346354166666667,0.2697346428977805,-0.0,0.0,0.04333670544350367,0.20817469933568697,0.49670408923203146,371.4990088699408,19.27430955624457,371.4990088699408,2,0.3062312914415587,0.16914857797053154,0.3346354166666667,0.16914857797053154,-0.0,0.0,0.03283875612541759,0.18121466862651486,0.481832389493062,338.75037317796983,18.405172457164586,338.75037317796983,2,0.2149648197414201
0.24366137175714178,0.3346354166666667,0.24366137175714178,-0.0,0.0,0.034171224060864314,0.18485460248764246,0.4574188795408113,311.75147308493916,17.656485298182623,311.75147308493916,2,0.2744841643051124,0.1674010290438704,0.3346354166666667,0.1674010290438704,-0.0,0.0,0.02892825142086825,0.17008307211732815,0.48158578421463655,333.69517771584026,18.267325412217307,333.69517771584026,2,0.21388291417664512
0.24298575185730523,0.3346354166666667,0.24298575185730523,-0.0,0.0,0.03444011785641377,0.18558048888935974,0.5079362934578623,374.3601147352241,19.348387910501074,374.3601147352241,2,0.2740580045976826,0.1576510446901707,0.3346354166666667,0.1576510446901707,-0.0,0.0,0.027536352268881664,0.16594080953424828,0.5210652089548417,382.73818974334927,19.563695707696674,382.73818974334927,2,0.20419744241960716
0.2204140242752141,0.3346354166666667,0.2204140242752141,-0.0,0.0,0.031088493060908516,0.1763192929344617,0.526024049394373,393.90213227419207,19.8469678357726,393.90213227419207,2,0.24995020879318502,0.13683354192957453,0.3346354166666667,0.13683354192957453,-0.0,0.0,0.023354960090075937,0.15282329694806332,0.5826200476455696,464.5425477702114,21.55324912328096,464.5425477702114,2,0.17486568763896107
0.24316144957628033,0.3346354166666667,0.24316144957628033,-0.0,0.0,0.03608837439678322,0.189969403843838,0.5268266708262676,401.4718297273475,20.036761957146357,401.4718297273475,2,0.2752930917476433,0.15994556350816871,0.3346354166666667,0.15994556350816871,-0.0,0.0,0.023827013230640397,0.15436001176030142,0.41718672477105456,253.13166986889308,15.910112189073121,253.13166986889308,2,0.19384300844562946
0.19326912818556902,0.3346354166666667,0.19326912818556902,-0.0,0.0,0.02386663417582012,0.15448829786045323,0.4080750977707332,243.72138304115808,15.6115784929378,243.72138304115808,2,0.21979799574674644,0.14271999371338,0.3346354166666667,0.14271999371338,-0.0,0.0,0.021547196811768882,0.1467896345515203,0.519367150934524,372.8376560285185,19.309004532303536,372.8376560285185,2,0.1672143775523814
0.25588244562143403,0.3346354166666667,0.25588244562143403,-0.0,0.0,0.03988428268549445,0.199710497184035,0.5042447816431429,376.461147095371,19.402606708774236,376.461147095371,2,0.2908388035468826,0.20067490155567674,0.3346354166666667,0.20067490155567674,-0.0,0.0,0.033217878965692275,0.18225772676540294,0.47520927929538753,331.51166431770565,18.20746177581339,331.51166431770565,2,0.2338387718433222
0.24321713551640353,0.3346354166666667,0.24321713551640353,-0.0,0.0,0.03614382246835102,0.19011528730838825,0.4959999902978921,361.1492559747919,19.00392738290672,361.1492559747919,2,0.27588686871593476,0.19400834368926384,0.3346354166666667,0.19400834368926384,-0.0,0.0,0.031126394688666372,0.17642674028804808,0.4802198604908543,335.0665285240224,18.304822548280068,335.0665285240224,2,0.22671098908327336
0.23603570713022526,0.3346354166666667,0.23603570713022526,-0.0,0.0,0.03439394939045204,0.18545605784242272,0.530917027849323,404.688657592576,20.1168749459894,404.688657592576,2,0.26741756337293654,0.1577200591584748,0.3346354166666667,0.1577200591584748,-0.0,0.0,0.02307541329258556,0.1519059356726575,0.5304148062895706,389.6318459990008,19.739094356099542,389.6318459990008,2,0.18309190096980446
0.23833469275235028,0.3346354166666667,0.23833469275235028,-0.0,0.0,0.03534662967672663,0.18800699369099713,0.5322081803558089,407.7756467888802,20.193455543538857,407.7756467888802,2,0.2699092829120485,0.1801173944166336,0.3346354166666667,0.1801173944166336,-0.0,0.0,0.028009569558976044,0.16736059739071213,0.5196588425490508,381.54271201528616,19.53311833822972,381.54271201528616,2,0.2153544017800294
0.25007989016200816,0.3346354166666667,0.25007989016200816,-0.0,0.0,0.03733355415792263,0.19321892805292817,0.5059462402144923,375.39663109242156,19.375154995313498,375.39663109242156,2,0.28433746823711137,0.1826727770898283,0.3346354166666667,0.1826727770898283,-0.0,0.0,0.0327050220841226,0.1808452987614624,0.499228531234823,360.9236620259184,18.997990999732536,360.9236620259184,2,0.23034405671878108
0.2444996225467818,0.3346354166666667,0.2444996225467818,-0.0,0.0,0.03566287091620146,0.18884615674194025,0.5218306601252236,394.28953911381376,19.856725286758987,394.28953911381376,2,0.27608194666314995,0.168445131084873,0.3346354166666667,0.168445131084873,-0.0,0.0,0.028717390651823202,0.1694620625739673,0.4520988672034785,298.4002756810993,17.274266284884558,298.4002756810993,2,0.21379489311176486
0.26356885262286184,0.3346354166666667,0.26356885262286184,-0.0,0.0,0.04047945590527625,0.20119506928669065,0.48959137738305974,358.625091726654,18.937399286244506,358.625091726654,2,0.29734216045585976,0.18003237221312335,0.3346354166666667,0.18003237221312335,-0.0,0.0,0.03246324168098387,0.18017558569624206,0.4885222362770876,347.1931832035498,18.63312059756899,347.1931832035498,2,0.2309082417458265
0.2627190719534774,0.3346354166666667,0.2627190719534774,-0.0,0.0,0.03986356059602378,0.19965861012243818,0.5224500939854927,400.5178569529406,20.012942236286513,400.5178569529406,2,0.29545810773893677,0.17268300933731381,0.3346354166666667,0.17268300933731381,-0.0,0.0,0.031977798427724344,0.17882337215175298,0.5348043544783235,407.0872346918553,20.176402917563262,407.0872346918553,2,0.22589113636732117
0.22377894026006917,0.3346354166666667,0.22377894026006917,-0.0,0.0,0.029901424248386516,0.172920282929408,0.5026912287966678,361.8131072380901,19.021385523617624,361.8131072380901,2,0.25250559494167557,0.16630796120453922,0.3346354166666667,0.16630796120453922,-0.0,0.0,0.031972078432993,0.17880737801610144,0.5144501092812435,379.68796046070906,19.485583400573592,379.68796046070906,2,0.21599967786540847
0.2680520988566435,0.3346354166666667,0.2680520988566435,-0.0,0.0,0.042193701138553044,0.20541105408072138,0.5009663442795596,375.4211882553668,19.37578871311738,375.4211882553668,2,0.30491141889357315,0.16944669667759593,0.3346354166666667,0.16944669667759593,-0.0,0.0,0.030868848143393017,0.17569532760831466,0.48993498651214995,346.7562447544064,18.62139212718551,346.7562447544064,2,0.21692333228631897
0.26001297824209535,0.3346354166666667,0.26001297824209535,-0.0,0.0,0.041174866117249,0.2029159089801709,0.5303369614715783,412.9238592363676,20.32052802553043,412.9238592363676,2,0.2952367517857396,0.1492576801671303,0.3346354166666667,0.1492576801671303,-0.0,0.0,0.024575893680201095,0.15676700443716177,0.45641756987646487,297.86056558695793,17.25863741976631,297.86056558695793,2,0.1896364469643256
0.2085716683712775,0.3346354166666667,0.2085716683712775,-0.0,0.0,0.029012385119166862,0.17033022373955498,0.5266485574772048,392.31344479713636,19.806903967988948,392.31344479713636,2,0.23669015062713625,0.15826674698361984,0.3346354166666667,0.15826674698361984,-0.0,0.0,0.031493676153477895,0.17746457717944136,0.5210823256913056,387.5635595329526,19.686634032585474,387.5635595329526,2,0.20047372550649106
0.2555549675912371,0.3346354166666667,0.2555549675912371,-0.0,0.0,0.03948555571948053,0.19870972728953287,0.49776809005070116,367.95167371658977,19.182066461061744,367.95167371658977,2,0.2881444157643912,0.14513006542776796,0.3346354166666667,0.14513006542776796,-0.0,0.0,0.025147253292501472,0.1585788551241983,0.4545831365109575,296.2769551955797,17.212697499101637,296.2769551955797,2,0.18203189434594508
0.20415394599325803,0.3346354166666667,0.20415394599325803,-0.0,0.0,0.026593524790214103,0.16307521206551934,0.4041369054674871,243.22062915478799,15.595532345988962,243.22062915478799,2,0.23552614488607532,0.17633130195710026,0.3346354166666667,0.17633130195710026,-0.0,0.0,0.03244378955562109,0.18012159658303356,0.5227463030629498,391.09768696206976,19.776189900030534,391.09768696206976,2,0.2128873081830444
0.23989860353448905,0.3346354166666667,0.23989860353448905,-0.0,0.0,0.0364418140948401,0.1908973915349293,0.5174208643546405,389.3071805662741,19.73086872305105,389.3071805662741,2,0.27194619133807196,0.1681663625334185,0.3346354166666667,0.1681663625334185,-0.0,0.0,0.026196782190356087,0.16185420040998655,0.49936058274335215,352.5462424855013,18.776214807183617,352.5462424855013,2,0.1964442333341019
0.2702813813936839,0.3346354166666667,0.2702813813936839,-0.0,0.0,0.044614215279539036,0.2112207737878522,0.49665135362699725,372.4493704821828,19.29894739311403,372.4493704821828,2,0.3042564678179037,0.16041859555251597,0.3346354166666667,0.16041859555251597,-0.0,0.0,0.026064329776586903,0.16144450989918147,0.5586205833969368,432.5611669268062,20.79810488786914,432.5611669268062,2,0.19061952755476874
0.2396304007717366,0.3346354166666667,0.2396304007717366,-0.0,0.0,0.03426028709108979,0.1850953459465953,0.46287009876706986,317.69112203480796,17.823891887991465,317.69112203480796,2,0.26990767400639365,0.14379402257433122,0.3346354166666667,0.14379402257433122,-0.0,0.0,0.02547212633429041,0.15959989453095014,0.44670473030730967,288.1079845954948,16.97374397696321,288.1079845954948,2,0.18143216160821976
0.16008321713901424,0.3346354166666667,0.16008321713901424,-0.0,0.0,0.022151440449508373,0.14883359986746397,0.44243851276200247,278.8690845113972,16.699373776025173,278.8690845113972,2,0.18079585937637915,0.09994373079390517,0.3346354166666667,0.09994373079390517,-0.0,0.0,0.020727979805267055,0.1439721494083736,0.38663140181048344,217.86831176980849,14.760362860370625,217.86831176980849,2,0.12741190560993537
0.19848578471693532,0.3346354166666667,0.19848578471693532,-0.0,0.0,0.026325542305216453,0.16225147859177264,0.5868764202156749,474.5911014712477,21.785111922394332,474.5911014712477,2,0.2238338467351568,0.13140035136133382,0.3346354166666667,0.13140035136133382,-0.0,0.0,0.024836864016723796,0.1575971573878279,0.5075603469556647,361.6471320166511,19.017022164804118,361.6471320166511,2,0.16783032537098622
0.23008029857959075,0.3346354166666667,0.23008029857959075,-0.0,0.0,0.03232888317050228,0.1798023447302684,0.4843095522585796,341.5192111013654,18.48023839406206,341.5192111013654,2,0.2594736598639298,0.13667753218874795,0.3346354166666667,0.13667753218874795,-0.0,0.0,0.023260288787954768,0.15251324135285685,0.5003978396161571,350.1870019232628,18.713284103098065,350.1870019232628,2,0.1769495459155176
0.15874152111117476,0.3346354166666667,0.15874152111117476,-0.0,0.0,0.015838525241472983,0.12585120278119308,0.49150069450456896,329.41083398651693,18.149678619372768,329.41083398651693,2,0.17880843570202123,0.15157305489305745,0.3346354166666667,0.15157305489305745,-0.0,0.0,0.028632515026623832,0.16921145063684026,0.5386293509977703,408.02935200044533,20.199736433935104,408.02935200044533,2,0.1975839758365319
0.22750444013989446,0.3346354166666667,0.22750444013989446,-0.0,0.0,0.033741902002335476,0.18368968942849098,0.4887628524933514,348.9379702085429,18.67988142918854,348.9379702085429,1,0.2584041833784904,0.10164764051011625,0.3346354166666667,0.10164764051011625,-0.0,0.0,0.01675069212682869,0.12942446494704427,0.5867687976508481,462.0635681081205,21.495663937364682,462.0635681081205,2,0.12977603904956295
0.13207165102561913,0.3346354166666667,0.13207165102561913,-0.0,0.0,0.015129372916127832,0.12300151590987743,0.42326335149524663,248.8584456950352,15.775247880620931,248.8584456950352,2,0.1511868104932533,0.08316091250247082,0.3346354166666667,0.08316091250247082,-0.0,0.0,0.014684837122807786,0.12118100974495874,0.5269614799127129,374.24678980549885,19.34545915209817,374.24678980549885,2,0.1023265992552584
0.23387555731873372,0.3346354166666667,0.23387555731873372,-0.0,0.0,0.03411792298462736,0.18471037595280715,0.49837493221311396,361.8022174557726,19.02109927043578,361.8022174557726,2,0.26651728954021764,0.19045318087434104,0.3346354166666667,0.19045318087434104,-0.0,0.0,0.0320443674382927,0.17900940600508314,0.5162064228549603,382.24473144911394,19.551080058378204,382.24473144911394,2,0.22584475665396345
0.2668837434207933,0.3346354166666667,0.2668837434207933,-0.0,0.0,0.04146743843067246,0.2036355529633086,0.5119635437093005,388.72156931101813,19.716023161657578,388.72156931101813,2,0.3011062798183743,0.1782099375419269,0.3346354166666667,0.1782099375419269,-0.0,0.0,0.0323477879554831,0.17985490806614954,0.4938881251121497,353.6681202786594,18.806066050045114,353.6681202786594,2,0.22734796035566765
0.26481275415467603,0.3346354166666667,0.26481275415467603,-0.0,0.0,0.04112108550890631,0.20278334623165264,0.5232794355223367,402.9004527114151,20.072380344927083,402.9004527114151,2,0.3011392418476109,0.15006524052522213,0.3346354166666667,0.15006524052522213,-0.0,0.0,0.0249503677697763,0.1579568541399084,0.5277328320473987,388.6284411673765,19.713661282658187,388.6284411673765,2,0.19091713038686126
0.21595307990886353,0.3346354166666667,0.21595307990886353,-0.0,0.0,0.02879078969732618,0.16967848920038797,0.5369753362082529,405.8081245149117,20.144679806711043,405.8081245149117,2,0.2467213681646072,0.17359518584781783,0.3346354166666667,0.17359518584781783,-0.0,0.0,0.02800408639842449,0.167344215312106,0.5635028739992023,442.506000908409,21.035826603877705,442.506000908409,2,0.20737870633744673
0.2242293970454683,0.3346354166666667,0.2242293970454683,-0.0,0.0,0.02919425678151693,0.17086326925795647,0.4170729341326794,260.22590238989636,16.131518911432252,260.22590238989636,2,0.2530262361353918,0.163376954970163,0.3346354166666667,0.163376954970163,-0.0,0.0,0.029315801670551044,0.17121857863722337,0.5417275097216168,413.20318889431894,20.327399954109207,413.20318889431894,2,0.20832077683298364
0.12021397419850004,0.3346354166666667,0.12021397419850004,-0.0,0.0,0.013251713212027123,0.11511608580918274,0.6058604616300756,486.7711007845026,22.06288967439448,486.7711007845026,2,0.14183225836566346,0.09229320184189135,0.3346354166666667,0.09229320184189135,-0.0,0.0,0.01412745563729335,0.11885897373481462,0.45726075347224077,285.73525892209153,16.903705479038955,285.73525892209153,2,0.11745962873351795
0.08492846359197508,0.3346354166666667,0.08492846359197508,-0.0,0.0,0.014903339179941934,0.12207923320508667,0.5125744991287622,355.26991952976664,18.848605240965885,355.26991952976664,2,0.10438274397144438,0.07088379959222921,0.3346354166666667,0.07088379959222921,-0.0,0.0,0.02351041734486089,0.1533310710353935,0.5912640977650869,477.61026870284184,21.854296344262423,477.61026870284184,2,0.10036168462375832
0.09425596892622179,0.3346354166666667,0.09425596892622179,-0.0,0.0,0.018194887056546098,0.13488842447202834,0.4613553417642151,295.7568175886572,17.19758173664708,295.7568175886572,2,0.11327646546584844,0.07744013203584768,0.3346354166666667,0.07744013203584768,-0.0,0.0,0.01874924481460211,0.13692788180134136,0.5240765177289614,375.5674616734531,19.379562989743942,375.5674616734531,2,0.10134657578755707
0.2367501540922571,0.3346354166666667,0.2367501540922571,-0.0,0.0,0.037468500543048275,0.1935678189758005,0.5014840893176097,369.98788897227433,19.235069247919913,369.98788897227433,2,0.27735030559853324,0.10320191888593362,0.3346354166666667,0.10320191888593362,-0.0,0.0,0.02081711418161383,0.1442813715682445,0.4783996796424707,319.4911584641379,17.874315608272614,319.4911584641379,2,0.1352576691400104
0.19223663463370405,0.3346354166666667,0.19223663463370405,-0.0,0.0,0.025632251656575948,0.16010075470333032,0.4300296487593473,269.67698851207825,16.421844857143128,269.67698851207825,2,0.22125695775889095,0.11824958931269632,0.3346354166666667,0.11824958931269632,-0.0,0.0,0.020072211954754365,0.14167643401340382,0.5001132473169251,345.78114479583934,18.595191442839177,345.78114479583934,2,0.1525265368525021
0.2214376933880672,0.3346354166666667,0.2214376933880672,-0.0,0.0,0.03313491190390399,0.182029975289522,0.5150155758864089,382.06707404074893,19.546536113612277,382.06707404074893,2,0.264139730144201,0.1631903081165374,0.3346354166666667,0.1631903081165374,-0.0,0.0,0.028386339910817356,0.16848246173064232,0.4477442195275598,292.83586271498535,17.112447595682664,292.83586271498535,2,0.19966431478889304
0.21142735452028152,0.3346354166666667,0.21142735452028152,-0.0,0.0,0.030004097166967215,0.17321690785534538,0.522535872375492,387.68869138595994,19.68981186771372,387.68869138595994,2,0.24687498690446136,0.1648165771599773,0.3346354166666667,0.1648165771599773,-0.0,0.0,0.025720933332445888,0.16037747139933928,0.5257757329685141,386.58700637113066,19.661815947951773,386.58700637113066,2,0.19597249055412078
0.25501342977915076,0.3346354166666667,0.25501342977915076,-0.0,0.0,0.03883599832078271,0.1970685117434612,0.4842244138336578,349.69401443636167,18.700107337562574,349.69401443636167,2,0.2928744736526524,0.13566633703320086,0.3346354166666667,0.13566633703320086,-0.0,0.0,0.022066411462080934,0.14854767403793617,0.5557114582673459,423.5042127006673,20.579217980785064,423.5042127006673,2,0.17636064248583486
0.22494832383578078,0.3346354166666667,0.22494832383578078,-0.0,0.0,0.03257822211715097,0.18049438250857275,0.5860165616048708,481.2707997837712,21.9378850344278,481.2707997837712,2,0.261396706803138,0.11584847076882979,0.3346354166666667,0.11584847076882979,-0.0,0.0,0.01793507795618753,0.13392190991838315,0.5619465970023564,427.0938739167374,20.666249633562867,427.0938739167374,2,0.14952975646202837
0.2123930933882443,0.3346354166666667,0.2123930933882443,-0.0,0.0,0.03200212247299046,0.17889137059397375,0.49885864972420735,359.74419676620687,18.96692375600764,359.74419676620687,2,0.25156438102452006,0.12954479647181888,0.3346354166666667,0.12954479647181888,-0.0,0.0,0.019841687054438673,0.14086052340680363,0.5761817638224769,450.4391784588656,21.223552446724504,450.4391784588656,2,0.15585153326531986
0.14487775006871612,0.3346354166666667,0.14487775006871612,-0.0,0.0,0.014774569820855428,0.1215506882779996,0.39721363761410555,220.92917718901458,14.863686527541361,220.92917718901458,2,0.16786013783583995,0.14462360103180064,0.3346354166666667,0.14462360103180064,-0.0,0.0,0.02863587451288711,0.16922137723374997,0.5253100332704337,390.0244033793306,19.749035505040002,390.0244033793306,2,0.18765441113174056
0.18925269390912103,0.3346354166666667,0.18925269390912103,-0.0,0.0,0.02559320790243889,0.15997877328707985,0.46203265549879924,305.8798639438632,17.48942148682635,305.8798639438632,2,0.2230049286144987,0.10969177119823992,0.3346354166666667,0.10969177119823992,-0.0,0.0,0.022313347219930994,0.14937652834341478,0.4222279677319552,256.8595870916007,16.026839585258244,256.8595870916007,2,0.1403285317909665
0.19500043619421106,0.3346354166666667,0.19500043619421106,-0.0,0.0,0.027025748229658423,0.16439509794899124,0.5236602873825105,385.72646206443153,19.639920113494135,385.72646206443153,2,0.22941179729554564,0.11013112861293713,0.3346354166666667,0.11013112861293713,-0.0,0.0,0.018676627277899607,0.13666245745595096,0.4988802326941817,342.6232904726901,18.510086182205907,342.6232904726901,2,0.13448804856303495
0.25984694914739387,0.3346354166666667,0.25984694914739387,-0.0,0.0,0.04359046303274746,0.20878329203446205,0.49100208492423597,364.5698491078926,19.09371229247714,364.5698491078926,2,0.3024174870351731,0.11194216723004366,0.3346354166666667,0.11194216723004366,-0.0,0.0,0.02067668982527248,0.14379391442363784,0.4942006584613986,339.120977989081,18.415237657686664,339.120977989081,2,0.1467650162770742
0.2160403785127074,0.3346354166666667,0.2160403785127074,-0.0,0.0,0.031825635927794686,0.1783974100927328,0.5479714913610109,424.9482738586098,20.614273546710535,424.9482738586098,2,0.2559284750078933,0.13880189083500022,0.3346354166666667,0.13880189083500022,-0.0,0.0,0.022139552591354406,0.1487936577658954,0.4515659565602284,289.29185660483853,17.008581851666484,289.29185660483853,2,0.17407414503691573
0.24724613717253136,0.3346354166666667,0.24724613717253136,-0.0,0.0,0.03741500037153256,0.19342957470752128,0.5131210424197437,384.81233666571774,19.616634182899922,384.81233666571774,2,0.2854149891013687,0.15569580994835144,0.3346354166666667,0.15569580994835144,-0.0,0.0,0.02516699493318468,0.15864108841401928,0.5709927594366592,449.5732165871582,21.20314166785569,449.5732165871582,2,0.194612883658679
0.2395083560377765,0.3346354166666667,0.2395083560377765,-0.0,0.0,0.03615398444569846,0.1901420112592124,0.5018735087267886,368.7923489296054,19.20396701021967,368.7923489296054,2,0.27730888685362953,0.14762982281855272,0.3346354166666667,0.14762982281855272,-0.0,0.0,0.028932697566598234,0.17009614212732233,0.49635113816584914,352.25583366651864,18.768479791035784,352.25583366651864,2,0.19097077579768706
0.21033832029906643,0.3346354166666667,0.21033832029906643,-0.0,0.0,0.030250214006396884,0.1739258865333073,0.4864417951455057,341.71581756451724,18.485556999033523,341.71581756451724,2,0.24264241904173664,0.12947570349943366,0.3346354166666667,0.12947570349943366,-0.0,0.0,0.019390965563818266,0.13925144725933108,0.5913913801522729,472.06649950359196,21.727091372376375,472.06649950359196,2,0.15588850426809392
0.19005213304920204,0.3346354166666667,0.19005213304920204,-0.0,0.0,0.02362622436473432,0.1537082442965709,0.46996412649256053,312.64551867302754,17.681784940243663,312.64551867302754,2,0.21683091486862957,0.13363848918155177,0.3346354166666667,0.13363848918155177,-0.0,0.0,0.02374820252396282,0.15410451818153426,0.4883196164651648,335.5844600103491,18.318964490667838,335.5844600103491,2,0.17336474229336515
0.2559423507150792,0.3346354166666667,0.2559423507150792,-0.0,0.0,0.03981900615239562,0.19954700236384315,0.539580944765805,423.76312289397265,20.585507593789682,423.76312289397265,2,0.2963062615700457,0.1698191641359573,0.3346354166666667,0.1698191641359573,-0.0,0.0,0.030777564446463464,0.1754353568881241,0.5029836767304345,363.21270130107615,19.058140027323656,363.21270130107615,2,0.21476183366042648
0.06884625101922634,0.3346354166666667,0.06884625101922634,-0.0,0.0,0.011092396317201563,0.10532044586499605,0.3066012680364615,134.56997783763086,11.600430071235758,134.56997783763086,2,0.08096091638925372,0.04248799461528091,0.3346354166666667,0.04248799461528091,-0.0,0.0,0.018740364652177162,0.13689545153940347,0.3711138417306578,200.30637048598055,14.152963311122535,200.30637048598055,2,0.060301035175137706
0.19570952557902155,0.3346354166666667,0.19570952557902155,-0.0,0.0,0.026611898350541455,0.16313153695880345,0.5149073196645625,373.44692790834944,19.324774976913687,373.44692790834944,2,0.22422566032394245,0.1337981094036365,0.3346354166666667,0.1337981094036365,-0.0,0.0,0.024807589003665424,0.1575042507479256,0.4772822050959151,323.3314418028746,17.981419348952258,323.3314418028746,2,0.17449911637246399
0.12880702767276353,0.3346354166666667,0.12880702767276353,-0.0,0.0,0.015942630754293755,0.12626413090935112,0.46325131822309834,295.075570612818,17.177763842037706,295.075570612818,2,0.14866726364572855,0.10274375861945655,0.3346354166666667,0.10274375861945655,-0.0,0.0,0.02356702710632592,0.1535155598182996,0.5369751191187093,399.3227705223066,19.98306209073841,399.3227705223066,2,0.13188846289748893
0.140808636070627,0.3346354166666667,0.140808636070627,-0.0,0.0,0.018822092195603036,0.13719363030258744,0.6069544434913273,495.5696116965184,22.261392851673016,495.5696116965184,2,0.16664553213824804,0.07999438802782353,0.3346354166666667,0.07999438802782353,-0.0,0.0,0.01627472041058697,0.12757241241971937,0.45436199640987707,285.0875775427617,16.88453663985961,285.0875775427617,2,0.09749682342855655
0.22021787884538502,0.3346354166666667,0.22021787884538502,-0.0,0.0,0.034597872364680864,0.1860050331702905,0.5054744643989924,371.6145268054859,19.277306004872308,371.6145268054859,2,0.2589580943450143,0.16297933805030757,0.3346354166666667,0.16297933805030757,-0.0,0.0,0.027272425477459807,0.1651436510358779,0.4962046205756664,350.1732583633142,18.712916885491534,350.1732583633142,2,0.19774579365001368
0.24911931700490034,0.3346354166666667,0.24911931700490034,-0.0,0.0,0.038749583539822816,0.19684913903754522,0.4947317490831602,363.14341406139965,19.05632215463938,363.14341406139965,2,0.2928138689725599,0.13983619140250642,0.3346354166666667,0.13983619140250642,-0.0,0.0,0.02507053721207587,0.15833678414088076,0.482678493345966,330.27401457419563,18.17344256254702,330.27401457419563,2,0.1857642481345512
0.2198604825144034,0.3346354166666667,0.2198604825144034,-0.0,0.0,0.03242449067865582,0.18006801681213636,0.4632871888672334,316.2619194760634,17.78375436953804,316.2619194760634,2,0.25875161652045736,0.14441067361717383,0.3346354166666667,0.14441067361717383,-0.0,0.0,0.027757475729171678,0.16660574938810388,0.534967690253071,401.86107140730724,20.046472792172374,401.86107140730724,2,0.18989774828678227
0.2276908712905003,0.3346354166666667,0.2276908712905003,-0.0,0.0,0.036821783539553926,0.19189002980757996,0.5252633793416871,400.0597297715587,20.001493188548665,400.0597297715587,2,0.27617892983461195,0.1640439031751612,0.3346354166666667,0.1640439031751612,-0.0,0.0,0.028264463581263784,0.16812038419318398,0.5673402052930232,448.1683135607563,21.169986149281165,448.1683135607563,2,0.20361682594955136
0.2179505255296495,0.3346354166666667,0.2179505255296495,-0.0,0.0,0.03142606710071001,0.17727398878772377,0.5114725772937803,375.01705783481833,19.36535715742982,375.01705783481833,2,0.2569132161202547,0.15605847642835627,0.3346354166666667,0.15605847642835627,-0.0,0.0,0.02405107706952947,0.15508409676536622,0.5184996973777178,374.77472347775256,19.359099242417056,374.77472347775256,2,0.18940741740945294
0.20577352763187334,0.3346354166666667,0.20577352763187334,-0.0,0.0,0.027372771434174558,0.1654471862383116,0.4958945020762753,349.8069320595728,18.70312626433273,349.8069320595728,2,0.24102632943671867,0.13542313710608683,0.3346354166666667,0.13542313710608683,-0.0,0.0,0.023811255979071754,0.15430896273085293,0.49368361851576426,342.4173685152466,18.504522920498292,342.4173685152466,2,0.17810748145924407
0.23056975663066454,0.3346354166666667,0.23056975663066454,-0.0,0.0,0.03451206914234768,0.1857742424082189,0.5219684363412834,393.1102017992912,19.827006879488675,393.1102017992912,2,0.274061718854115,0.14270559306139177,0.3346354166666667,0.14270559306139177,-0.0,0.0,0.024192259570653855,0.15553861118916376,0.5263440826122139,385.3475686126432,19.630271740672445,385.3475686126432,2,0.18349441726906043
0.21608951391471276,0.3346354166666667,0.21608951391471276,-0.0,0.0,0.032287996887492655,0.17968861090089336,0.47381340252119014,328.6893956916484,18.12979304050789,328.6893956916484,2,0.26097670101869386,0.1800202050086806,0.3346354166666667,0.1800202050086806,-0.0,0.0,0.030755287259569178,0.1753718542399811,0.5178672998104171,382.43465383608446,19.55593653692107,382.43465383608446,2,0.2156031277663979
0.22911996641935084,0.3346354166666667,0.22911996641935084,-0.0,0.0,0.03418149206218178,0.18488237358434628,0.4863393245867603,346.0703952922906,18.60296737868157,346.0703952922906,2,0.2692443318557406,0.17137217571265823,0.3346354166666667,0.17137217571265823,-0.0,0.0,0.02584965816486949,0.16077828884793335,0.5310303074573486,393.9424147560043,19.847982636933263,393.9424147560043,2,0.20528561906430431
0.2212198889080894,0.3346354166666667,0.2212198889080894,-0.0,0.0,0.03284251792936154,0.1812250477427487,0.540757527519841,416.05119007623745,20.39733291575733,416.05119007623745,2,0.26122806569999896,0.166968667161638,0.3346354166666667,0.166968667161638,-0.0,0.0,0.028471065596545643,0.16873371209259175,0.48850801233235425,341.9105774050281,18.490824140773935,341.9105774050281,2,0.2078015277302337
0.24562464483018207,0.3346354166666667,0.24562464483018207,-0.0,0.0,0.038656080890929805,0.19661149735183292,0.5246654096420356,401.72574894896167,20.043097289315384,401.72574894896167,2,0.2877164701945988,0.16274030315665794,0.3346354166666667,0.16274030315665794,-0.0,0.0,0.026001396428104947,0.16124948504756517,0.5142971457873374,372.00972132582666,19.287553533971764,372.00972132582666,2,0.2036495657723892
0.2345226101248996,0.3346354166666667,0.2345226101248996,-0.0,0.0,0.03542968888582424,0.18822775801093802,0.5524176932422414,435.65982033635487,20.872465602711024,435.65982033635487,2,0.2734267917472018,0.16730348432419523,0.3346354166666667,0.16730348432419523,-0.0,0.0,0.026265777583053183,0.16206720082439008,0.5243862842510354,385.6368617139568,19.63763890374698,385.6368617139568,2,0.20115374827895843
0.1755366204433881,0.3346354166666667,0.1755366204433881,-0.0,0.0,0.02724486054002861,0.1650601724827301,0.5203738087160399,381.0596955482652,19.52075038384194,381.0596955482652,2,0.20840802284321808,0.08771925711276879,0.3346354166666667,0.08771925711276879,-0.0,0.0,0.01607216422939023,0.1267760396502045,0.4013283083882351,226.6891957363604,15.056201238571449,226.6891957363604,2,0.10423831016554654
0.14561679644172884,0.3346354166666667,0.14561679644172884,-0.0,0.0,0.02238196436302285,0.149606030503529,0.5052527479013839,355.4002650535326,18.85206262066654,355.4002650535326,2,0.19881054914812377,0.14098673904900005,0.3346354166666667,0.14098673904900005,-0.0,0.0,0.024677122537250355,0.1570895366892727,0.4882321269635673,336.4447765168301,18.342431041626682,336.4447765168301,2,0.17912591822189106
0.11902765163082193,0.3346354166666667,0.11902765163082193,-0.0,0.0,0.01677905840174894,0.12953400480857888,0.5982580875172598,479.28366905749266,21.892548254086197,479.28366905749266,2,0.16749705479904378,0.09816716133620401,0.3346354166666667,0.09816716133620401,-0.0,0.0,0.017281769996436734,0.13146014603839726,0.5679940562989013,434.8913816564358,20.854049526565237,434.8913816564358,2,0.13172441246575628
0.236383410141565,0.3346354166666667,0.236383410141565,-0.0,0.0,0.035666856951922295,0.18885671010563088,0.5294356117871148,404.656358399651,20.11607214144081,404.656358399651,2,0.27524070691572317,0.12971635471538384,0.3346354166666667,0.12971635471538384,-0.0,0.0,0.024194047110429554,0.15554435737251787,0.4352808213085056,273.1842165381944,16.5282853477968,273.1842165381944,2,0.1719589166371401
0.18196806666043983,0.3346354166666667,0.18196806666043983,-0.0,0.0,0.02578058589377799,0.16056333919602567,0.46931404485051725,315.030947103433,17.749111163757835,315.030947103433,2,0.2326751083622472,0.09340438786578249,0.3346354166666667,0.09340438786578249,-0.0,0.0,0.01093176477401521,0.10455508009664193,0.5467317863415748,396.6759048085319,19.916724248945457,396.6759048085319,2,0.12690459244594998
0.09048999919129959,0.3346354166666667,0.09048999919129959,-0.0,0.0,0.015105707898961568,0.1229052801915425,0.5871658204344502,460.690695589139,21.463706473699713,460.690695589139,2,0.112951480597675,0.07809464724382219,0.3346354166666667,0.07809464724382219,-0.0,0.0,0.01621388019224803,0.12733373548375948,0.48993753386125216,328.05800607248625,18.112371630255556,328.05800607248625,2,0.09564655724591355
0.11292037778009283,0.3346354166666667,0.11292037778009283,-0.0,0.0,0.021184338859789938,0.14554840727328464,0.5005676109949997,347.792252495063,18.649189057303886,347.792252495063,2,0.1516653103385935,0.09392610150958114,0.3346354166666667,0.09392610150958114,-0.0,0.0,0.01686605603130472,0.129869380653427,0.6032922761745685,487.4989013602883,22.079377286515314,487.4989013602883,2,0.12442723786778062
0.13924369177329593,0.3346354166666667,0.13924369177329593,-0.0,0.0,0.02866214708575809,0.16929898725555947,0.5148422183335924,375.9196816471533,19.388648267663047,375.9196816471533,2,0.1886177775913229,0.1340645457378002,0.3346354166666667,0.1340645457378002,-0.0,0.0,0.025161250201621754,0.15862298131614394,0.4711146248012525,316.21491780060205,17.782432842572526,316.21491780060205,2,0.18319002475987894
0.152090704318309,0.3346354166666667,0.152090704318309,-0.0,0.0,0.026642586124195167,0.1632255682305783,0.49631347282130595,349.4804729214537,18.694396832245047,349.4804729214537,2,0.18418997951498872,0.13757222057986299,0.3346354166666667,0.13757222057986299,-0.0,0.0,0.023496072179005206,0.15328428549269232,0.5223418430689254,379.4066851979239,19.47836454114985,379.4066851979239,2,0.17718586737109437
0.12704580895616058,0.3346354166666667,0.12704580895616058,-0.0,0.0,0.023927833647969608,0.1546862425943872,0.5388736449491832,402.50671175305854,20.062569918957504,402.50671175305854,2,0.1638894245216971,0.12535995611050024,0.3346354166666667,0.12535995611050024,-0.0,0.0,0.024124620191062384,0.1553210230170481,0.48778070402317,335.6371739799361,18.32040321553912,335.6371739799361,2,0.16506009507337016
0.09370236978417168,0.3346354166666667,0.09370236978417168,-0.0,0.0,0.018667302632994202,0.13662833759141696,0.5998538692654038,484.46244906865553,22.010507696749194,484.46244906865553,2,0.12970539552361762,0.07155332110123487,0.3346354166666667,0.07155332110123487,-0.0,0.0,0.017204880725478284,0.13116737675763088,0.3989637255172287,225.8202101556197,15.027315467362083,225.8202101556197,2,0.09712561406386622
0.14226448676236397,0.3346354166666667,0.14226448676236397,-0.0,0.0,0.026733020208874705,0.1635023553618562,0.4502146418702464,293.69281657271154,17.137468207781204,293.69281657271154,2,0.19244927843393453,0.13565605787946242,0.3346354166666667,0.13565605787946242,-0.0,0.0,0.027467458580520153,0.16573309440338146,0.5452128933042818,415.6848885032205,20.388351784860408,415.6848885032205,2,0.18053772851098182
0.13629346813169674,0.3346354166666667,0.13629346813169674,-0.0,0.0,0.026217592321087668,0.1619184743044711,0.4832075359592811,332.5421389476101,18.23573796005004,332.5421389476101,2,0.1664879069639421,0.13271950177271016,0.3346354166666667,0.13271950177271016,-0.0,0.0,0.022503275701649044,0.15001091860811014,0.5166742870232335,370.54328331867634,19.24950085894895,370.54328331867634,2,0.1664757032370148
0.14696818543064355,0.3346354166666667,0.14696818543064355,-0.0,0.0,0.028680286473747173,0.16935255083330505,0.5524956614075369,427.5025342916072,20.6761344136569,427.5025342916072,2,0.18922687047280942,0.11646291379535612,0.3346354166666667,0.11646291379535612,-0.0,0.0,0.019196956111349816,0.1385530804830763,0.5499853489074366,411.91317111279056,20.295644141361727,411.91317111279056,2,0.15084095043588758
0.1308649673322489,0.3346354166666667,0.1308649673322489,-0.0,0.0,0.028194177856935957,0.16791122016391863,0.5006983736655966,357.0867405158152,18.896738885739392,357.0867405158152,2,0.17537593314951683,0.12696421041574163,0.3346354166666667,0.12696421041574163,-0.0,0.0,0.027897071676185752,0.16702416494682965,0.424881526677462,266.8460910055146,16.335424420734057,266.8460910055146,2,0.17497928268063054
0.1400781680422607,0.3346354166666667,0.1400781680422607,-0.0,0.0,0.026629876572361884,0.16318663110794918,0.5197829581930159,380.0861141499095,19.49579734583609,380.0861141499095,2,0.19096971413553585,0.12422434663869648,0.3346354166666667,0.12422434663869648,-0.0,0.0,0.024054454928375872,0.1550949867931774,0.4640724834092277,306.5310152830657,17.50802716707584,306.5310152830657,2,0.16657651352822359
0.15437585659635503,0.3346354166666667,0.15437585659635503,-0.0,0.0,0.024287162310909244,0.15584339033436498,0.5268474872597911,386.483445067966,19.659182207507158,386.483445067966,2,0.19569602722588675,0.15242242830463062,0.3346354166666667,0.15242242830463062,-0.0,0.0,0.02803105094513163,0.1674247620429297,0.505255557114038,362.73126839348447,19.045505201844463,362.73126839348447,2,0.18673230025179008
0.152458313990928,0.3346354166666667,0.152458313990928,-0.0,0.0,0.025502534121895116,0.15969512867302846,0.487528117712012,336.8178218570016,18.352597142012396,336.8178218570016,2,0.18486157554783456,0.1350084996649319,0.3346354166666667,0.1350084996649319,-0.0,0.0,0.02307538199336268,0.15190583265089816,0.4908633051158908,337.76098926329877,18.378274926208356,337.76098926329877,2,0.16431645938959516
0.14619525198135386,0.3346354166666667,0.14619525198135386,-0.0,0.0,0.028219430737873977,0.16798640045513796,0.48799911187080036,340.8485546185913,18.46208424362188,340.8485546185913,2,0.18097602584515013,0.14380047523672965,0.3346354166666667,0.14380047523672965,-0.0,0.0,0.027212755322538754,0.1649628907437632,0.5146443883435758,373.5898494596996,19.328472507151197,373.5898494596996,2,0.17717449405606855
0.13051781627825026,0.3346354166666667,0.13051781627825026,-0.0,0.0,0.025053104494020095,0.1582817250791136,0.5327549246414666,395.031278385223,19.87539379195348,395.031278385223,2,0.16827573282408628,0.12451576779305581,0.3346354166666667,0.12451576779305581,-0.0,0.0,0.02122264345866782,0.1456799349899217,0.5029762110339142,350.5018387096514,18.72169433330358,350.5018387096514,2,0.1586945337060773
0.10721167851449594,0.3346354166666667,0.10721167851449594,-0.0,0.0,0.02230820816462476,0.14935932567009252,0.5493664368769984,414.88777609331254,20.36879417376769,414.88777609331254,2,0.14257807889579752,0.09979686998639428,0.3346354166666667,0.09979686998639428,-0.0,0.0,0.018095754514700024,0.13452046132354745,0.481920222028691,319.8203929547195,17.883522945849332,319.8203929547195,2,0.1330658584159981
0.11682001174350252,0.3346354166666667,0.11682001174350252,-0.0,0.0,0.025834715575014867,0.16073181257926156,0.4799520234371631,327.6250592188467,18.10041599574017,327.6250592188467,2,0.16066280117675022,0.08158488411760381,0.3346354166666667,0.08158488411760381,-0.0,0.0,0.01758383991446644,0.1326040720131416,0.6246090544691143,521.2820340025296,22.831601652151555,521.2820340025296,2,0.10820412541280987
